item_id,rest_id,item_name,category,price,veg_flag
1,1,main_item_0_1,main,495.23,1
2,1,main_item_1_1,main,477.9,1
3,1,main_item_2_1,main,376.85,0
4,1,main_item_3_1,main,405.22,0
5,1,main_item_4_1,main,436.13,1
6,1,drinks_item_0_1,drinks,81.86,0
7,1,drinks_item_1_1,drinks,122.58,1
8,1,drinks_item_2_1,drinks,165.6,1
9,1,drinks_item_3_1,drinks,173.1,0
10,1,drinks_item_4_1,drinks,147.79,1
11,1,dessert_item_0_1,dessert,73.01,1
12,1,dessert_item_1_1,dessert,177.88,1
13,1,dessert_item_2_1,dessert,149.81,1
14,1,dessert_item_3_1,dessert,69.81,1
15,1,dessert_item_4_1,dessert,55.03,1
16,1,sides_item_0_1,sides,93.65,1
17,1,sides_item_1_1,sides,82.63,0
18,1,sides_item_2_1,sides,112.19,0
19,1,sides_item_3_1,sides,93.51,1
20,1,sides_item_4_1,sides,94.21,0
21,2,main_item_0_2,main,162.2,0
22,2,main_item_1_2,main,310.34,1
23,2,main_item_2_2,main,281.09,0
24,2,main_item_3_2,main,359.1,1
25,2,main_item_4_2,main,252.51,0
26,2,drinks_item_0_2,drinks,77.47,0
27,2,drinks_item_1_2,drinks,100.82,0
28,2,drinks_item_2_2,drinks,115.49,1
29,2,drinks_item_3_2,drinks,191.25,1
30,2,drinks_item_4_2,drinks,143.61,0
31,2,dessert_item_0_2,dessert,70.0,1
32,2,dessert_item_1_2,dessert,139.8,1
33,2,dessert_item_2_2,dessert,173.91,0
34,2,dessert_item_3_2,dessert,86.18,1
35,2,dessert_item_4_2,dessert,134.9,0
36,2,sides_item_0_2,sides,138.12,0
37,2,sides_item_1_2,sides,145.9,0
38,2,sides_item_2_2,sides,138.84,1
39,2,sides_item_3_2,sides,197.02,1
40,2,sides_item_4_2,sides,125.53,1
41,3,main_item_0_3,main,275.08,0
42,3,main_item_1_3,main,166.38,0
43,3,main_item_2_3,main,378.54,1
44,3,main_item_3_3,main,125.51,1
45,3,main_item_4_3,main,357.77,1
46,3,drinks_item_0_3,drinks,139.98,0
47,3,drinks_item_1_3,drinks,59.21,1
48,3,drinks_item_2_3,drinks,82.37,1
49,3,drinks_item_3_3,drinks,122.78,1
50,3,drinks_item_4_3,drinks,132.87,1
51,3,dessert_item_0_3,dessert,97.93,1
52,3,dessert_item_1_3,dessert,141.86,0
53,3,dessert_item_2_3,dessert,133.41,0
54,3,dessert_item_3_3,dessert,54.82,1
55,3,dessert_item_4_3,dessert,166.03,1
56,3,sides_item_0_3,sides,145.92,1
57,3,sides_item_1_3,sides,150.65,0
58,3,sides_item_2_3,sides,105.5,0
59,3,sides_item_3_3,sides,73.13,1
60,3,sides_item_4_3,sides,176.36,0
61,4,main_item_0_4,main,260.48,1
62,4,main_item_1_4,main,200.18,1
63,4,main_item_2_4,main,108.83,1
64,4,main_item_3_4,main,472.03,1
65,4,main_item_4_4,main,300.79,1
66,4,drinks_item_0_4,drinks,135.47,0
67,4,drinks_item_1_4,drinks,73.81,1
68,4,drinks_item_2_4,drinks,88.4,0
69,4,drinks_item_3_4,drinks,126.34,1
70,4,drinks_item_4_4,drinks,153.5,1
71,4,dessert_item_0_4,dessert,128.66,1
72,4,dessert_item_1_4,dessert,149.6,1
73,4,dessert_item_2_4,dessert,131.28,1
74,4,dessert_item_3_4,dessert,171.07,1
75,4,dessert_item_4_4,dessert,75.48,0
76,4,sides_item_0_4,sides,193.8,1
77,4,sides_item_1_4,sides,127.95,0
78,4,sides_item_2_4,sides,122.16,1
79,4,sides_item_3_4,sides,122.35,0
80,4,sides_item_4_4,sides,64.4,1
81,5,main_item_0_5,main,448.66,1
82,5,main_item_1_5,main,377.63,1
83,5,main_item_2_5,main,458.96,1
84,5,main_item_3_5,main,426.4,0
85,5,main_item_4_5,main,269.38,1
86,5,drinks_item_0_5,drinks,105.66,1
87,5,drinks_item_1_5,drinks,146.98,1
88,5,drinks_item_2_5,drinks,168.96,0
89,5,drinks_item_3_5,drinks,157.71,0
90,5,drinks_item_4_5,drinks,190.68,0
91,5,dessert_item_0_5,dessert,169.31,1
92,5,dessert_item_1_5,dessert,63.66,1
93,5,dessert_item_2_5,dessert,186.83,0
94,5,dessert_item_3_5,dessert,98.2,1
95,5,dessert_item_4_5,dessert,91.26,1
96,5,sides_item_0_5,sides,106.63,1
97,5,sides_item_1_5,sides,83.59,0
98,5,sides_item_2_5,sides,76.38,1
99,5,sides_item_3_5,sides,129.93,0
100,5,sides_item_4_5,sides,174.94,1
101,6,main_item_0_6,main,162.88,0
102,6,main_item_1_6,main,125.28,0
103,6,main_item_2_6,main,299.72,1
104,6,main_item_3_6,main,461.19,1
105,6,main_item_4_6,main,231.43,0
106,6,drinks_item_0_6,drinks,198.12,1
107,6,drinks_item_1_6,drinks,95.74,0
108,6,drinks_item_2_6,drinks,115.2,1
109,6,drinks_item_3_6,drinks,184.7,0
110,6,drinks_item_4_6,drinks,62.66,1
111,6,dessert_item_0_6,dessert,86.82,1
112,6,dessert_item_1_6,dessert,154.88,0
113,6,dessert_item_2_6,dessert,152.82,0
114,6,dessert_item_3_6,dessert,145.25,1
115,6,dessert_item_4_6,dessert,91.72,1
116,6,sides_item_0_6,sides,107.14,0
117,6,sides_item_1_6,sides,93.39,0
118,6,sides_item_2_6,sides,168.01,0
119,6,sides_item_3_6,sides,152.3,1
120,6,sides_item_4_6,sides,102.56,0
121,7,main_item_0_7,main,109.84,0
122,7,main_item_1_7,main,144.02,1
123,7,main_item_2_7,main,217.94,1
124,7,main_item_3_7,main,116.98,0
125,7,main_item_4_7,main,193.66,0
126,7,drinks_item_0_7,drinks,78.61,1
127,7,drinks_item_1_7,drinks,149.4,0
128,7,drinks_item_2_7,drinks,161.17,0
129,7,drinks_item_3_7,drinks,92.44,1
130,7,drinks_item_4_7,drinks,185.17,1
131,7,dessert_item_0_7,dessert,72.16,1
132,7,dessert_item_1_7,dessert,150.82,1
133,7,dessert_item_2_7,dessert,193.23,1
134,7,dessert_item_3_7,dessert,153.76,1
135,7,dessert_item_4_7,dessert,107.82,1
136,7,sides_item_0_7,sides,78.59,1
137,7,sides_item_1_7,sides,138.35,1
138,7,sides_item_2_7,sides,111.1,1
139,7,sides_item_3_7,sides,108.11,1
140,7,sides_item_4_7,sides,166.72,0
141,8,main_item_0_8,main,242.71,1
142,8,main_item_1_8,main,233.6,0
143,8,main_item_2_8,main,212.67,0
144,8,main_item_3_8,main,439.56,1
145,8,main_item_4_8,main,380.07,0
146,8,drinks_item_0_8,drinks,167.93,1
147,8,drinks_item_1_8,drinks,163.72,1
148,8,drinks_item_2_8,drinks,56.19,1
149,8,drinks_item_3_8,drinks,116.62,1
150,8,drinks_item_4_8,drinks,160.72,0
151,8,dessert_item_0_8,dessert,158.61,1
152,8,dessert_item_1_8,dessert,79.92,1
153,8,dessert_item_2_8,dessert,83.38,0
154,8,dessert_item_3_8,dessert,87.02,0
155,8,dessert_item_4_8,dessert,50.65,1
156,8,sides_item_0_8,sides,61.55,1
157,8,sides_item_1_8,sides,112.68,0
158,8,sides_item_2_8,sides,195.03,1
159,8,sides_item_3_8,sides,172.03,1
160,8,sides_item_4_8,sides,158.42,1
161,9,main_item_0_9,main,239.36,1
162,9,main_item_1_9,main,305.81,1
163,9,main_item_2_9,main,193.24,1
164,9,main_item_3_9,main,155.29,1
165,9,main_item_4_9,main,336.15,1
166,9,drinks_item_0_9,drinks,184.29,1
167,9,drinks_item_1_9,drinks,152.3,1
168,9,drinks_item_2_9,drinks,119.07,1
169,9,drinks_item_3_9,drinks,77.93,0
170,9,drinks_item_4_9,drinks,198.61,0
171,9,dessert_item_0_9,dessert,164.37,0
172,9,dessert_item_1_9,dessert,120.12,0
173,9,dessert_item_2_9,dessert,121.37,0
174,9,dessert_item_3_9,dessert,141.99,1
175,9,dessert_item_4_9,dessert,169.68,1
176,9,sides_item_0_9,sides,188.9,1
177,9,sides_item_1_9,sides,69.9,0
178,9,sides_item_2_9,sides,53.93,0
179,9,sides_item_3_9,sides,126.43,1
180,9,sides_item_4_9,sides,128.34,1
181,10,main_item_0_10,main,207.21,0
182,10,main_item_1_10,main,424.33,0
183,10,main_item_2_10,main,448.53,0
184,10,main_item_3_10,main,440.63,1
185,10,main_item_4_10,main,344.49,1
186,10,drinks_item_0_10,drinks,99.61,0
187,10,drinks_item_1_10,drinks,73.56,0
188,10,drinks_item_2_10,drinks,116.93,1
189,10,drinks_item_3_10,drinks,63.43,1
190,10,drinks_item_4_10,drinks,188.82,1
191,10,dessert_item_0_10,dessert,185.04,1
192,10,dessert_item_1_10,dessert,129.25,1
193,10,dessert_item_2_10,dessert,144.23,0
194,10,dessert_item_3_10,dessert,78.96,1
195,10,dessert_item_4_10,dessert,67.28,1
196,10,sides_item_0_10,sides,126.07,0
197,10,sides_item_1_10,sides,73.63,1
198,10,sides_item_2_10,sides,95.36,0
199,10,sides_item_3_10,sides,195.05,0
200,10,sides_item_4_10,sides,153.57,0
201,11,main_item_0_11,main,465.27,1
202,11,main_item_1_11,main,362.75,1
203,11,main_item_2_11,main,342.37,0
204,11,main_item_3_11,main,271.83,0
205,11,main_item_4_11,main,294.69,1
206,11,drinks_item_0_11,drinks,173.98,0
207,11,drinks_item_1_11,drinks,80.2,1
208,11,drinks_item_2_11,drinks,192.43,1
209,11,drinks_item_3_11,drinks,135.26,0
210,11,drinks_item_4_11,drinks,182.03,0
211,11,dessert_item_0_11,dessert,73.34,0
212,11,dessert_item_1_11,dessert,148.01,0
213,11,dessert_item_2_11,dessert,166.74,0
214,11,dessert_item_3_11,dessert,66.57,1
215,11,dessert_item_4_11,dessert,106.88,1
216,11,sides_item_0_11,sides,195.03,0
217,11,sides_item_1_11,sides,192.0,1
218,11,sides_item_2_11,sides,111.33,1
219,11,sides_item_3_11,sides,185.02,0
220,11,sides_item_4_11,sides,79.4,1
221,12,main_item_0_12,main,167.68,0
222,12,main_item_1_12,main,358.28,1
223,12,main_item_2_12,main,220.77,0
224,12,main_item_3_12,main,411.9,0
225,12,main_item_4_12,main,427.39,1
226,12,drinks_item_0_12,drinks,196.95,1
227,12,drinks_item_1_12,drinks,106.28,0
228,12,drinks_item_2_12,drinks,160.71,1
229,12,drinks_item_3_12,drinks,60.2,0
230,12,drinks_item_4_12,drinks,174.77,0
231,12,dessert_item_0_12,dessert,62.24,1
232,12,dessert_item_1_12,dessert,61.93,0
233,12,dessert_item_2_12,dessert,135.44,1
234,12,dessert_item_3_12,dessert,109.94,1
235,12,dessert_item_4_12,dessert,144.89,1
236,12,sides_item_0_12,sides,52.79,0
237,12,sides_item_1_12,sides,137.24,1
238,12,sides_item_2_12,sides,164.47,1
239,12,sides_item_3_12,sides,165.69,0
240,12,sides_item_4_12,sides,184.27,1
241,13,main_item_0_13,main,312.77,0
242,13,main_item_1_13,main,336.87,1
243,13,main_item_2_13,main,189.18,1
244,13,main_item_3_13,main,418.92,1
245,13,main_item_4_13,main,123.88,0
246,13,drinks_item_0_13,drinks,150.23,1
247,13,drinks_item_1_13,drinks,128.18,1
248,13,drinks_item_2_13,drinks,53.16,1
249,13,drinks_item_3_13,drinks,194.29,1
250,13,drinks_item_4_13,drinks,188.34,1
251,13,dessert_item_0_13,dessert,176.51,0
252,13,dessert_item_1_13,dessert,68.53,0
253,13,dessert_item_2_13,dessert,123.33,0
254,13,dessert_item_3_13,dessert,157.88,1
255,13,dessert_item_4_13,dessert,142.91,0
256,13,sides_item_0_13,sides,189.63,1
257,13,sides_item_1_13,sides,157.99,1
258,13,sides_item_2_13,sides,198.47,1
259,13,sides_item_3_13,sides,171.21,1
260,13,sides_item_4_13,sides,122.97,1
261,14,main_item_0_14,main,293.71,1
262,14,main_item_1_14,main,389.49,0
263,14,main_item_2_14,main,346.55,1
264,14,main_item_3_14,main,456.84,0
265,14,main_item_4_14,main,444.24,1
266,14,drinks_item_0_14,drinks,147.3,1
267,14,drinks_item_1_14,drinks,110.86,1
268,14,drinks_item_2_14,drinks,150.63,0
269,14,drinks_item_3_14,drinks,110.64,1
270,14,drinks_item_4_14,drinks,85.12,1
271,14,dessert_item_0_14,dessert,83.7,1
272,14,dessert_item_1_14,dessert,154.55,1
273,14,dessert_item_2_14,dessert,160.09,1
274,14,dessert_item_3_14,dessert,186.94,1
275,14,dessert_item_4_14,dessert,176.94,0
276,14,sides_item_0_14,sides,172.21,0
277,14,sides_item_1_14,sides,190.19,0
278,14,sides_item_2_14,sides,75.78,0
279,14,sides_item_3_14,sides,78.09,1
280,14,sides_item_4_14,sides,128.32,1
281,15,main_item_0_15,main,252.41,0
282,15,main_item_1_15,main,397.53,0
283,15,main_item_2_15,main,456.91,1
284,15,main_item_3_15,main,345.54,0
285,15,main_item_4_15,main,158.21,1
286,15,drinks_item_0_15,drinks,114.46,1
287,15,drinks_item_1_15,drinks,128.64,1
288,15,drinks_item_2_15,drinks,196.99,0
289,15,drinks_item_3_15,drinks,170.13,0
290,15,drinks_item_4_15,drinks,151.96,1
291,15,dessert_item_0_15,dessert,121.6,0
292,15,dessert_item_1_15,dessert,142.51,1
293,15,dessert_item_2_15,dessert,189.7,1
294,15,dessert_item_3_15,dessert,89.56,1
295,15,dessert_item_4_15,dessert,183.32,0
296,15,sides_item_0_15,sides,77.45,1
297,15,sides_item_1_15,sides,182.76,0
298,15,sides_item_2_15,sides,195.05,1
299,15,sides_item_3_15,sides,199.06,1
300,15,sides_item_4_15,sides,129.99,0
301,16,main_item_0_16,main,459.58,1
302,16,main_item_1_16,main,425.85,0
303,16,main_item_2_16,main,415.3,1
304,16,main_item_3_16,main,102.16,0
305,16,main_item_4_16,main,177.49,1
306,16,drinks_item_0_16,drinks,121.58,0
307,16,drinks_item_1_16,drinks,88.52,1
308,16,drinks_item_2_16,drinks,52.95,1
309,16,drinks_item_3_16,drinks,151.71,1
310,16,drinks_item_4_16,drinks,139.71,0
311,16,dessert_item_0_16,dessert,77.46,1
312,16,dessert_item_1_16,dessert,185.85,1
313,16,dessert_item_2_16,dessert,95.76,1
314,16,dessert_item_3_16,dessert,181.85,1
315,16,dessert_item_4_16,dessert,178.79,0
316,16,sides_item_0_16,sides,156.8,1
317,16,sides_item_1_16,sides,135.74,1
318,16,sides_item_2_16,sides,132.65,1
319,16,sides_item_3_16,sides,187.4,0
320,16,sides_item_4_16,sides,135.32,1
321,17,main_item_0_17,main,153.9,1
322,17,main_item_1_17,main,135.63,0
323,17,main_item_2_17,main,461.64,1
324,17,main_item_3_17,main,375.5,0
325,17,main_item_4_17,main,108.78,1
326,17,drinks_item_0_17,drinks,136.18,0
327,17,drinks_item_1_17,drinks,198.85,1
328,17,drinks_item_2_17,drinks,121.38,1
329,17,drinks_item_3_17,drinks,51.19,1
330,17,drinks_item_4_17,drinks,144.42,0
331,17,dessert_item_0_17,dessert,159.03,0
332,17,dessert_item_1_17,dessert,157.67,0
333,17,dessert_item_2_17,dessert,187.05,1
334,17,dessert_item_3_17,dessert,72.59,1
335,17,dessert_item_4_17,dessert,133.67,1
336,17,sides_item_0_17,sides,176.04,0
337,17,sides_item_1_17,sides,75.39,0
338,17,sides_item_2_17,sides,121.58,0
339,17,sides_item_3_17,sides,125.88,0
340,17,sides_item_4_17,sides,152.32,0
341,18,main_item_0_18,main,244.58,0
342,18,main_item_1_18,main,391.97,1
343,18,main_item_2_18,main,131.51,1
344,18,main_item_3_18,main,458.29,1
345,18,main_item_4_18,main,331.75,0
346,18,drinks_item_0_18,drinks,98.3,0
347,18,drinks_item_1_18,drinks,141.9,1
348,18,drinks_item_2_18,drinks,148.05,0
349,18,drinks_item_3_18,drinks,65.88,1
350,18,drinks_item_4_18,drinks,199.31,1
351,18,dessert_item_0_18,dessert,88.46,1
352,18,dessert_item_1_18,dessert,82.06,1
353,18,dessert_item_2_18,dessert,67.29,1
354,18,dessert_item_3_18,dessert,163.93,1
355,18,dessert_item_4_18,dessert,160.15,1
356,18,sides_item_0_18,sides,128.14,1
357,18,sides_item_1_18,sides,105.43,0
358,18,sides_item_2_18,sides,163.5,1
359,18,sides_item_3_18,sides,76.09,0
360,18,sides_item_4_18,sides,74.68,1
361,19,main_item_0_19,main,218.2,0
362,19,main_item_1_19,main,105.84,0
363,19,main_item_2_19,main,386.26,1
364,19,main_item_3_19,main,225.1,0
365,19,main_item_4_19,main,455.23,1
366,19,drinks_item_0_19,drinks,99.22,0
367,19,drinks_item_1_19,drinks,198.8,1
368,19,drinks_item_2_19,drinks,188.99,0
369,19,drinks_item_3_19,drinks,147.15,1
370,19,drinks_item_4_19,drinks,180.94,1
371,19,dessert_item_0_19,dessert,66.3,1
372,19,dessert_item_1_19,dessert,100.47,1
373,19,dessert_item_2_19,dessert,163.12,1
374,19,dessert_item_3_19,dessert,101.56,0
375,19,dessert_item_4_19,dessert,53.27,0
376,19,sides_item_0_19,sides,105.08,1
377,19,sides_item_1_19,sides,123.71,1
378,19,sides_item_2_19,sides,182.02,1
379,19,sides_item_3_19,sides,129.19,0
380,19,sides_item_4_19,sides,90.58,1
381,20,main_item_0_20,main,400.47,1
382,20,main_item_1_20,main,357.08,1
383,20,main_item_2_20,main,421.06,1
384,20,main_item_3_20,main,455.66,0
385,20,main_item_4_20,main,123.05,1
386,20,drinks_item_0_20,drinks,142.63,1
387,20,drinks_item_1_20,drinks,90.13,1
388,20,drinks_item_2_20,drinks,99.39,1
389,20,drinks_item_3_20,drinks,120.74,0
390,20,drinks_item_4_20,drinks,74.31,0
391,20,dessert_item_0_20,dessert,56.6,1
392,20,dessert_item_1_20,dessert,78.85,1
393,20,dessert_item_2_20,dessert,89.67,0
394,20,dessert_item_3_20,dessert,173.1,1
395,20,dessert_item_4_20,dessert,139.93,0
396,20,sides_item_0_20,sides,56.91,0
397,20,sides_item_1_20,sides,127.74,0
398,20,sides_item_2_20,sides,136.14,1
399,20,sides_item_3_20,sides,82.68,1
400,20,sides_item_4_20,sides,64.64,1
401,21,main_item_0_21,main,436.13,0
402,21,main_item_1_21,main,483.14,1
403,21,main_item_2_21,main,156.5,1
404,21,main_item_3_21,main,498.65,1
405,21,main_item_4_21,main,211.44,1
406,21,drinks_item_0_21,drinks,67.31,1
407,21,drinks_item_1_21,drinks,128.46,0
408,21,drinks_item_2_21,drinks,122.63,1
409,21,drinks_item_3_21,drinks,125.02,1
410,21,drinks_item_4_21,drinks,97.61,1
411,21,dessert_item_0_21,dessert,64.02,1
412,21,dessert_item_1_21,dessert,168.48,1
413,21,dessert_item_2_21,dessert,79.74,1
414,21,dessert_item_3_21,dessert,143.63,0
415,21,dessert_item_4_21,dessert,148.74,0
416,21,sides_item_0_21,sides,102.63,0
417,21,sides_item_1_21,sides,55.89,1
418,21,sides_item_2_21,sides,123.43,1
419,21,sides_item_3_21,sides,105.83,0
420,21,sides_item_4_21,sides,117.44,0
421,22,main_item_0_22,main,435.07,1
422,22,main_item_1_22,main,455.64,1
423,22,main_item_2_22,main,351.25,1
424,22,main_item_3_22,main,315.47,1
425,22,main_item_4_22,main,351.69,1
426,22,drinks_item_0_22,drinks,146.04,1
427,22,drinks_item_1_22,drinks,158.88,1
428,22,drinks_item_2_22,drinks,110.46,1
429,22,drinks_item_3_22,drinks,65.03,1
430,22,drinks_item_4_22,drinks,93.51,1
431,22,dessert_item_0_22,dessert,170.54,1
432,22,dessert_item_1_22,dessert,96.29,0
433,22,dessert_item_2_22,dessert,193.66,0
434,22,dessert_item_3_22,dessert,50.65,1
435,22,dessert_item_4_22,dessert,142.17,1
436,22,sides_item_0_22,sides,159.75,1
437,22,sides_item_1_22,sides,188.32,1
438,22,sides_item_2_22,sides,84.84,1
439,22,sides_item_3_22,sides,146.26,1
440,22,sides_item_4_22,sides,73.83,1
441,23,main_item_0_23,main,454.61,1
442,23,main_item_1_23,main,367.57,1
443,23,main_item_2_23,main,250.82,1
444,23,main_item_3_23,main,184.08,1
445,23,main_item_4_23,main,419.53,1
446,23,drinks_item_0_23,drinks,103.69,0
447,23,drinks_item_1_23,drinks,169.99,0
448,23,drinks_item_2_23,drinks,57.96,1
449,23,drinks_item_3_23,drinks,160.92,1
450,23,drinks_item_4_23,drinks,197.33,0
451,23,dessert_item_0_23,dessert,94.07,1
452,23,dessert_item_1_23,dessert,171.7,0
453,23,dessert_item_2_23,dessert,111.49,1
454,23,dessert_item_3_23,dessert,165.94,0
455,23,dessert_item_4_23,dessert,195.31,1
456,23,sides_item_0_23,sides,92.31,0
457,23,sides_item_1_23,sides,52.74,1
458,23,sides_item_2_23,sides,166.39,0
459,23,sides_item_3_23,sides,137.89,1
460,23,sides_item_4_23,sides,106.44,1
461,24,main_item_0_24,main,244.65,0
462,24,main_item_1_24,main,296.46,0
463,24,main_item_2_24,main,276.28,1
464,24,main_item_3_24,main,110.96,0
465,24,main_item_4_24,main,411.08,0
466,24,drinks_item_0_24,drinks,90.69,1
467,24,drinks_item_1_24,drinks,191.47,0
468,24,drinks_item_2_24,drinks,188.46,1
469,24,drinks_item_3_24,drinks,150.67,1
470,24,drinks_item_4_24,drinks,54.69,0
471,24,dessert_item_0_24,dessert,100.23,0
472,24,dessert_item_1_24,dessert,198.14,1
473,24,dessert_item_2_24,dessert,123.1,1
474,24,dessert_item_3_24,dessert,196.54,1
475,24,dessert_item_4_24,dessert,168.96,0
476,24,sides_item_0_24,sides,59.89,0
477,24,sides_item_1_24,sides,50.17,0
478,24,sides_item_2_24,sides,190.46,1
479,24,sides_item_3_24,sides,150.13,1
480,24,sides_item_4_24,sides,126.98,0
481,25,main_item_0_25,main,465.75,0
482,25,main_item_1_25,main,395.87,0
483,25,main_item_2_25,main,448.06,1
484,25,main_item_3_25,main,357.08,0
485,25,main_item_4_25,main,267.79,1
486,25,drinks_item_0_25,drinks,94.11,1
487,25,drinks_item_1_25,drinks,175.65,1
488,25,drinks_item_2_25,drinks,101.0,1
489,25,drinks_item_3_25,drinks,79.53,0
490,25,drinks_item_4_25,drinks,56.86,0
491,25,dessert_item_0_25,dessert,123.33,0
492,25,dessert_item_1_25,dessert,153.56,1
493,25,dessert_item_2_25,dessert,131.3,0
494,25,dessert_item_3_25,dessert,177.57,1
495,25,dessert_item_4_25,dessert,90.73,1
496,25,sides_item_0_25,sides,73.44,0
497,25,sides_item_1_25,sides,199.57,0
498,25,sides_item_2_25,sides,154.75,0
499,25,sides_item_3_25,sides,190.72,0
500,25,sides_item_4_25,sides,102.0,1
501,26,main_item_0_26,main,335.24,1
502,26,main_item_1_26,main,329.3,0
503,26,main_item_2_26,main,273.76,1
504,26,main_item_3_26,main,368.51,0
505,26,main_item_4_26,main,380.59,1
506,26,drinks_item_0_26,drinks,163.69,0
507,26,drinks_item_1_26,drinks,120.37,1
508,26,drinks_item_2_26,drinks,100.48,1
509,26,drinks_item_3_26,drinks,115.95,0
510,26,drinks_item_4_26,drinks,85.48,0
511,26,dessert_item_0_26,dessert,102.39,0
512,26,dessert_item_1_26,dessert,60.17,0
513,26,dessert_item_2_26,dessert,178.13,1
514,26,dessert_item_3_26,dessert,116.31,1
515,26,dessert_item_4_26,dessert,84.9,1
516,26,sides_item_0_26,sides,71.44,1
517,26,sides_item_1_26,sides,69.59,0
518,26,sides_item_2_26,sides,91.02,1
519,26,sides_item_3_26,sides,69.42,0
520,26,sides_item_4_26,sides,97.46,1
521,27,main_item_0_27,main,268.61,1
522,27,main_item_1_27,main,261.75,1
523,27,main_item_2_27,main,124.98,0
524,27,main_item_3_27,main,442.04,1
525,27,main_item_4_27,main,492.73,1
526,27,drinks_item_0_27,drinks,117.73,1
527,27,drinks_item_1_27,drinks,166.39,0
528,27,drinks_item_2_27,drinks,59.0,1
529,27,drinks_item_3_27,drinks,71.7,0
530,27,drinks_item_4_27,drinks,192.03,1
531,27,dessert_item_0_27,dessert,138.87,1
532,27,dessert_item_1_27,dessert,89.65,1
533,27,dessert_item_2_27,dessert,129.97,1
534,27,dessert_item_3_27,dessert,189.2,0
535,27,dessert_item_4_27,dessert,80.94,1
536,27,sides_item_0_27,sides,115.63,0
537,27,sides_item_1_27,sides,179.25,1
538,27,sides_item_2_27,sides,188.48,1
539,27,sides_item_3_27,sides,198.89,1
540,27,sides_item_4_27,sides,153.26,0
541,28,main_item_0_28,main,162.54,0
542,28,main_item_1_28,main,264.73,1
543,28,main_item_2_28,main,296.12,0
544,28,main_item_3_28,main,143.69,0
545,28,main_item_4_28,main,259.67,0
546,28,drinks_item_0_28,drinks,65.53,0
547,28,drinks_item_1_28,drinks,125.43,0
548,28,drinks_item_2_28,drinks,152.7,1
549,28,drinks_item_3_28,drinks,63.79,1
550,28,drinks_item_4_28,drinks,103.54,0
551,28,dessert_item_0_28,dessert,192.2,1
552,28,dessert_item_1_28,dessert,121.66,1
553,28,dessert_item_2_28,dessert,190.51,0
554,28,dessert_item_3_28,dessert,171.52,1
555,28,dessert_item_4_28,dessert,58.16,1
556,28,sides_item_0_28,sides,59.45,1
557,28,sides_item_1_28,sides,150.39,0
558,28,sides_item_2_28,sides,182.12,1
559,28,sides_item_3_28,sides,188.89,0
560,28,sides_item_4_28,sides,53.23,1
561,29,main_item_0_29,main,189.19,1
562,29,main_item_1_29,main,426.93,0
563,29,main_item_2_29,main,224.76,1
564,29,main_item_3_29,main,208.73,1
565,29,main_item_4_29,main,103.84,0
566,29,drinks_item_0_29,drinks,174.88,1
567,29,drinks_item_1_29,drinks,145.46,0
568,29,drinks_item_2_29,drinks,147.48,1
569,29,drinks_item_3_29,drinks,139.29,1
570,29,drinks_item_4_29,drinks,66.73,1
571,29,dessert_item_0_29,dessert,179.11,1
572,29,dessert_item_1_29,dessert,128.36,1
573,29,dessert_item_2_29,dessert,71.44,1
574,29,dessert_item_3_29,dessert,87.33,1
575,29,dessert_item_4_29,dessert,63.11,1
576,29,sides_item_0_29,sides,167.95,0
577,29,sides_item_1_29,sides,145.59,1
578,29,sides_item_2_29,sides,81.42,0
579,29,sides_item_3_29,sides,102.77,0
580,29,sides_item_4_29,sides,134.86,1
581,30,main_item_0_30,main,284.97,1
582,30,main_item_1_30,main,492.82,1
583,30,main_item_2_30,main,351.79,0
584,30,main_item_3_30,main,110.83,0
585,30,main_item_4_30,main,392.35,0
586,30,drinks_item_0_30,drinks,100.17,1
587,30,drinks_item_1_30,drinks,122.68,1
588,30,drinks_item_2_30,drinks,183.0,0
589,30,drinks_item_3_30,drinks,191.8,0
590,30,drinks_item_4_30,drinks,194.53,1
591,30,dessert_item_0_30,dessert,164.13,1
592,30,dessert_item_1_30,dessert,127.77,1
593,30,dessert_item_2_30,dessert,192.49,1
594,30,dessert_item_3_30,dessert,148.15,1
595,30,dessert_item_4_30,dessert,87.04,1
596,30,sides_item_0_30,sides,144.89,1
597,30,sides_item_1_30,sides,148.68,0
598,30,sides_item_2_30,sides,78.42,0
599,30,sides_item_3_30,sides,137.9,0
600,30,sides_item_4_30,sides,144.58,0
601,31,main_item_0_31,main,250.27,0
602,31,main_item_1_31,main,248.13,0
603,31,main_item_2_31,main,389.67,0
604,31,main_item_3_31,main,105.76,1
605,31,main_item_4_31,main,177.15,1
606,31,drinks_item_0_31,drinks,194.67,1
607,31,drinks_item_1_31,drinks,128.92,0
608,31,drinks_item_2_31,drinks,113.84,1
609,31,drinks_item_3_31,drinks,72.81,0
610,31,drinks_item_4_31,drinks,172.42,0
611,31,dessert_item_0_31,dessert,159.48,1
612,31,dessert_item_1_31,dessert,58.59,0
613,31,dessert_item_2_31,dessert,102.88,1
614,31,dessert_item_3_31,dessert,99.56,1
615,31,dessert_item_4_31,dessert,149.82,1
616,31,sides_item_0_31,sides,64.92,1
617,31,sides_item_1_31,sides,59.37,0
618,31,sides_item_2_31,sides,98.83,1
619,31,sides_item_3_31,sides,196.08,0
620,31,sides_item_4_31,sides,128.17,0
621,32,main_item_0_32,main,370.2,0
622,32,main_item_1_32,main,292.64,1
623,32,main_item_2_32,main,374.5,0
624,32,main_item_3_32,main,321.96,1
625,32,main_item_4_32,main,153.51,0
626,32,drinks_item_0_32,drinks,182.58,1
627,32,drinks_item_1_32,drinks,55.0,1
628,32,drinks_item_2_32,drinks,133.13,1
629,32,drinks_item_3_32,drinks,186.2,1
630,32,drinks_item_4_32,drinks,70.84,1
631,32,dessert_item_0_32,dessert,158.77,1
632,32,dessert_item_1_32,dessert,104.57,1
633,32,dessert_item_2_32,dessert,152.5,0
634,32,dessert_item_3_32,dessert,133.7,0
635,32,dessert_item_4_32,dessert,152.53,1
636,32,sides_item_0_32,sides,195.96,1
637,32,sides_item_1_32,sides,51.41,0
638,32,sides_item_2_32,sides,165.37,1
639,32,sides_item_3_32,sides,170.14,0
640,32,sides_item_4_32,sides,177.4,1
641,33,main_item_0_33,main,204.76,0
642,33,main_item_1_33,main,448.55,1
643,33,main_item_2_33,main,490.15,1
644,33,main_item_3_33,main,132.17,1
645,33,main_item_4_33,main,106.85,1
646,33,drinks_item_0_33,drinks,102.53,1
647,33,drinks_item_1_33,drinks,131.24,0
648,33,drinks_item_2_33,drinks,74.35,1
649,33,drinks_item_3_33,drinks,198.03,1
650,33,drinks_item_4_33,drinks,162.32,0
651,33,dessert_item_0_33,dessert,106.83,1
652,33,dessert_item_1_33,dessert,162.68,1
653,33,dessert_item_2_33,dessert,127.29,1
654,33,dessert_item_3_33,dessert,96.99,0
655,33,dessert_item_4_33,dessert,102.07,0
656,33,sides_item_0_33,sides,194.89,1
657,33,sides_item_1_33,sides,116.99,1
658,33,sides_item_2_33,sides,185.05,1
659,33,sides_item_3_33,sides,181.21,0
660,33,sides_item_4_33,sides,182.86,0
661,34,main_item_0_34,main,326.05,0
662,34,main_item_1_34,main,493.92,0
663,34,main_item_2_34,main,278.78,1
664,34,main_item_3_34,main,346.24,1
665,34,main_item_4_34,main,389.77,1
666,34,drinks_item_0_34,drinks,85.14,0
667,34,drinks_item_1_34,drinks,107.3,1
668,34,drinks_item_2_34,drinks,111.4,0
669,34,drinks_item_3_34,drinks,144.85,1
670,34,drinks_item_4_34,drinks,87.51,1
671,34,dessert_item_0_34,dessert,78.79,1
672,34,dessert_item_1_34,dessert,114.58,0
673,34,dessert_item_2_34,dessert,191.9,0
674,34,dessert_item_3_34,dessert,102.13,1
675,34,dessert_item_4_34,dessert,69.36,0
676,34,sides_item_0_34,sides,92.41,1
677,34,sides_item_1_34,sides,107.65,1
678,34,sides_item_2_34,sides,73.96,0
679,34,sides_item_3_34,sides,134.77,0
680,34,sides_item_4_34,sides,113.42,1
681,35,main_item_0_35,main,489.46,0
682,35,main_item_1_35,main,284.17,0
683,35,main_item_2_35,main,429.7,1
684,35,main_item_3_35,main,462.81,0
685,35,main_item_4_35,main,221.86,1
686,35,drinks_item_0_35,drinks,101.6,1
687,35,drinks_item_1_35,drinks,82.04,1
688,35,drinks_item_2_35,drinks,189.05,0
689,35,drinks_item_3_35,drinks,151.53,0
690,35,drinks_item_4_35,drinks,68.21,0
691,35,dessert_item_0_35,dessert,70.78,0
692,35,dessert_item_1_35,dessert,134.42,1
693,35,dessert_item_2_35,dessert,69.03,1
694,35,dessert_item_3_35,dessert,176.41,1
695,35,dessert_item_4_35,dessert,113.89,0
696,35,sides_item_0_35,sides,160.21,1
697,35,sides_item_1_35,sides,100.29,1
698,35,sides_item_2_35,sides,59.31,1
699,35,sides_item_3_35,sides,60.25,1
700,35,sides_item_4_35,sides,139.63,0
701,36,main_item_0_36,main,131.65,1
702,36,main_item_1_36,main,314.23,1
703,36,main_item_2_36,main,346.01,1
704,36,main_item_3_36,main,124.1,1
705,36,main_item_4_36,main,195.87,0
706,36,drinks_item_0_36,drinks,148.59,1
707,36,drinks_item_1_36,drinks,58.59,1
708,36,drinks_item_2_36,drinks,129.47,0
709,36,drinks_item_3_36,drinks,197.43,1
710,36,drinks_item_4_36,drinks,176.65,1
711,36,dessert_item_0_36,dessert,103.09,1
712,36,dessert_item_1_36,dessert,115.29,1
713,36,dessert_item_2_36,dessert,89.87,1
714,36,dessert_item_3_36,dessert,184.27,1
715,36,dessert_item_4_36,dessert,75.21,1
716,36,sides_item_0_36,sides,138.35,1
717,36,sides_item_1_36,sides,94.14,1
718,36,sides_item_2_36,sides,171.02,0
719,36,sides_item_3_36,sides,74.76,0
720,36,sides_item_4_36,sides,60.38,1
721,37,main_item_0_37,main,159.1,0
722,37,main_item_1_37,main,452.43,1
723,37,main_item_2_37,main,228.54,1
724,37,main_item_3_37,main,187.31,0
725,37,main_item_4_37,main,341.49,1
726,37,drinks_item_0_37,drinks,181.97,1
727,37,drinks_item_1_37,drinks,189.0,1
728,37,drinks_item_2_37,drinks,161.74,1
729,37,drinks_item_3_37,drinks,151.06,0
730,37,drinks_item_4_37,drinks,77.26,0
731,37,dessert_item_0_37,dessert,191.45,1
732,37,dessert_item_1_37,dessert,168.49,0
733,37,dessert_item_2_37,dessert,119.06,0
734,37,dessert_item_3_37,dessert,183.35,1
735,37,dessert_item_4_37,dessert,167.72,0
736,37,sides_item_0_37,sides,76.14,0
737,37,sides_item_1_37,sides,89.46,1
738,37,sides_item_2_37,sides,79.23,1
739,37,sides_item_3_37,sides,135.71,1
740,37,sides_item_4_37,sides,86.1,1
741,38,main_item_0_38,main,265.36,1
742,38,main_item_1_38,main,173.62,1
743,38,main_item_2_38,main,186.36,1
744,38,main_item_3_38,main,302.6,0
745,38,main_item_4_38,main,109.98,1
746,38,drinks_item_0_38,drinks,68.85,1
747,38,drinks_item_1_38,drinks,147.9,0
748,38,drinks_item_2_38,drinks,77.81,0
749,38,drinks_item_3_38,drinks,137.8,1
750,38,drinks_item_4_38,drinks,181.39,1
751,38,dessert_item_0_38,dessert,172.89,0
752,38,dessert_item_1_38,dessert,150.65,0
753,38,dessert_item_2_38,dessert,87.93,1
754,38,dessert_item_3_38,dessert,169.01,0
755,38,dessert_item_4_38,dessert,168.51,1
756,38,sides_item_0_38,sides,178.65,0
757,38,sides_item_1_38,sides,62.52,1
758,38,sides_item_2_38,sides,143.61,1
759,38,sides_item_3_38,sides,142.1,1
760,38,sides_item_4_38,sides,148.33,1
761,39,main_item_0_39,main,403.79,1
762,39,main_item_1_39,main,204.76,1
763,39,main_item_2_39,main,333.59,0
764,39,main_item_3_39,main,308.13,0
765,39,main_item_4_39,main,173.98,1
766,39,drinks_item_0_39,drinks,67.89,1
767,39,drinks_item_1_39,drinks,98.52,1
768,39,drinks_item_2_39,drinks,85.25,1
769,39,drinks_item_3_39,drinks,180.1,0
770,39,drinks_item_4_39,drinks,102.95,1
771,39,dessert_item_0_39,dessert,65.07,0
772,39,dessert_item_1_39,dessert,51.04,1
773,39,dessert_item_2_39,dessert,177.19,1
774,39,dessert_item_3_39,dessert,141.16,0
775,39,dessert_item_4_39,dessert,178.93,0
776,39,sides_item_0_39,sides,196.23,0
777,39,sides_item_1_39,sides,191.7,1
778,39,sides_item_2_39,sides,57.85,1
779,39,sides_item_3_39,sides,52.08,1
780,39,sides_item_4_39,sides,183.43,0
781,40,main_item_0_40,main,237.34,1
782,40,main_item_1_40,main,371.92,1
783,40,main_item_2_40,main,404.43,0
784,40,main_item_3_40,main,428.69,1
785,40,main_item_4_40,main,190.79,0
786,40,drinks_item_0_40,drinks,113.99,1
787,40,drinks_item_1_40,drinks,72.54,1
788,40,drinks_item_2_40,drinks,198.83,0
789,40,drinks_item_3_40,drinks,124.29,0
790,40,drinks_item_4_40,drinks,109.05,1
791,40,dessert_item_0_40,dessert,160.96,1
792,40,dessert_item_1_40,dessert,194.18,0
793,40,dessert_item_2_40,dessert,131.23,1
794,40,dessert_item_3_40,dessert,105.95,1
795,40,dessert_item_4_40,dessert,152.75,1
796,40,sides_item_0_40,sides,112.35,1
797,40,sides_item_1_40,sides,196.27,0
798,40,sides_item_2_40,sides,117.23,1
799,40,sides_item_3_40,sides,51.26,1
800,40,sides_item_4_40,sides,58.43,1
801,41,main_item_0_41,main,422.83,0
802,41,main_item_1_41,main,119.52,1
803,41,main_item_2_41,main,247.82,1
804,41,main_item_3_41,main,208.13,0
805,41,main_item_4_41,main,218.43,0
806,41,drinks_item_0_41,drinks,117.25,1
807,41,drinks_item_1_41,drinks,133.12,1
808,41,drinks_item_2_41,drinks,120.51,0
809,41,drinks_item_3_41,drinks,71.53,0
810,41,drinks_item_4_41,drinks,149.78,1
811,41,dessert_item_0_41,dessert,120.38,1
812,41,dessert_item_1_41,dessert,81.58,1
813,41,dessert_item_2_41,dessert,179.89,0
814,41,dessert_item_3_41,dessert,132.16,1
815,41,dessert_item_4_41,dessert,120.86,1
816,41,sides_item_0_41,sides,160.96,1
817,41,sides_item_1_41,sides,128.01,0
818,41,sides_item_2_41,sides,66.17,0
819,41,sides_item_3_41,sides,81.73,1
820,41,sides_item_4_41,sides,111.47,1
821,42,main_item_0_42,main,427.23,1
822,42,main_item_1_42,main,186.28,1
823,42,main_item_2_42,main,227.18,1
824,42,main_item_3_42,main,450.7,0
825,42,main_item_4_42,main,225.41,1
826,42,drinks_item_0_42,drinks,91.79,1
827,42,drinks_item_1_42,drinks,172.88,1
828,42,drinks_item_2_42,drinks,153.4,1
829,42,drinks_item_3_42,drinks,102.07,1
830,42,drinks_item_4_42,drinks,178.82,0
831,42,dessert_item_0_42,dessert,109.79,0
832,42,dessert_item_1_42,dessert,175.92,0
833,42,dessert_item_2_42,dessert,151.08,0
834,42,dessert_item_3_42,dessert,172.41,1
835,42,dessert_item_4_42,dessert,98.66,0
836,42,sides_item_0_42,sides,99.04,1
837,42,sides_item_1_42,sides,156.67,0
838,42,sides_item_2_42,sides,123.53,0
839,42,sides_item_3_42,sides,174.13,0
840,42,sides_item_4_42,sides,183.38,1
841,43,main_item_0_43,main,327.13,0
842,43,main_item_1_43,main,127.81,1
843,43,main_item_2_43,main,287.2,0
844,43,main_item_3_43,main,434.24,1
845,43,main_item_4_43,main,204.18,1
846,43,drinks_item_0_43,drinks,186.96,0
847,43,drinks_item_1_43,drinks,166.39,1
848,43,drinks_item_2_43,drinks,198.46,0
849,43,drinks_item_3_43,drinks,194.1,0
850,43,drinks_item_4_43,drinks,111.79,0
851,43,dessert_item_0_43,dessert,90.27,1
852,43,dessert_item_1_43,dessert,138.37,0
853,43,dessert_item_2_43,dessert,69.83,0
854,43,dessert_item_3_43,dessert,107.18,0
855,43,dessert_item_4_43,dessert,103.59,0
856,43,sides_item_0_43,sides,119.6,1
857,43,sides_item_1_43,sides,77.05,0
858,43,sides_item_2_43,sides,120.78,0
859,43,sides_item_3_43,sides,134.19,1
860,43,sides_item_4_43,sides,164.13,1
861,44,main_item_0_44,main,266.37,0
862,44,main_item_1_44,main,316.11,1
863,44,main_item_2_44,main,450.7,1
864,44,main_item_3_44,main,198.49,0
865,44,main_item_4_44,main,113.6,1
866,44,drinks_item_0_44,drinks,89.73,0
867,44,drinks_item_1_44,drinks,171.38,0
868,44,drinks_item_2_44,drinks,119.19,0
869,44,drinks_item_3_44,drinks,116.28,0
870,44,drinks_item_4_44,drinks,127.64,1
871,44,dessert_item_0_44,dessert,151.44,1
872,44,dessert_item_1_44,dessert,174.31,0
873,44,dessert_item_2_44,dessert,174.62,0
874,44,dessert_item_3_44,dessert,104.37,0
875,44,dessert_item_4_44,dessert,65.26,1
876,44,sides_item_0_44,sides,78.5,0
877,44,sides_item_1_44,sides,129.37,0
878,44,sides_item_2_44,sides,180.52,1
879,44,sides_item_3_44,sides,98.9,0
880,44,sides_item_4_44,sides,81.52,1
881,45,main_item_0_45,main,215.39,1
882,45,main_item_1_45,main,403.48,1
883,45,main_item_2_45,main,178.8,0
884,45,main_item_3_45,main,397.19,1
885,45,main_item_4_45,main,199.82,1
886,45,drinks_item_0_45,drinks,118.22,0
887,45,drinks_item_1_45,drinks,199.35,1
888,45,drinks_item_2_45,drinks,153.87,1
889,45,drinks_item_3_45,drinks,149.96,1
890,45,drinks_item_4_45,drinks,111.88,1
891,45,dessert_item_0_45,dessert,57.05,0
892,45,dessert_item_1_45,dessert,105.2,1
893,45,dessert_item_2_45,dessert,119.63,1
894,45,dessert_item_3_45,dessert,157.0,0
895,45,dessert_item_4_45,dessert,88.74,0
896,45,sides_item_0_45,sides,78.12,1
897,45,sides_item_1_45,sides,161.0,0
898,45,sides_item_2_45,sides,173.67,1
899,45,sides_item_3_45,sides,102.58,1
900,45,sides_item_4_45,sides,67.56,1
901,46,main_item_0_46,main,166.01,1
902,46,main_item_1_46,main,268.76,1
903,46,main_item_2_46,main,285.78,0
904,46,main_item_3_46,main,292.27,1
905,46,main_item_4_46,main,358.83,1
906,46,drinks_item_0_46,drinks,176.49,1
907,46,drinks_item_1_46,drinks,80.98,0
908,46,drinks_item_2_46,drinks,197.08,1
909,46,drinks_item_3_46,drinks,91.12,1
910,46,drinks_item_4_46,drinks,159.39,1
911,46,dessert_item_0_46,dessert,176.44,0
912,46,dessert_item_1_46,dessert,184.47,0
913,46,dessert_item_2_46,dessert,122.1,1
914,46,dessert_item_3_46,dessert,129.69,1
915,46,dessert_item_4_46,dessert,156.55,1
916,46,sides_item_0_46,sides,152.72,0
917,46,sides_item_1_46,sides,190.5,0
918,46,sides_item_2_46,sides,131.83,0
919,46,sides_item_3_46,sides,116.42,0
920,46,sides_item_4_46,sides,190.54,0
921,47,main_item_0_47,main,256.48,1
922,47,main_item_1_47,main,175.38,1
923,47,main_item_2_47,main,443.89,1
924,47,main_item_3_47,main,183.63,0
925,47,main_item_4_47,main,166.77,0
926,47,drinks_item_0_47,drinks,55.47,1
927,47,drinks_item_1_47,drinks,129.28,0
928,47,drinks_item_2_47,drinks,93.44,1
929,47,drinks_item_3_47,drinks,99.0,1
930,47,drinks_item_4_47,drinks,81.64,1
931,47,dessert_item_0_47,dessert,149.61,1
932,47,dessert_item_1_47,dessert,52.27,0
933,47,dessert_item_2_47,dessert,125.13,1
934,47,dessert_item_3_47,dessert,159.62,1
935,47,dessert_item_4_47,dessert,54.74,0
936,47,sides_item_0_47,sides,101.88,1
937,47,sides_item_1_47,sides,88.67,0
938,47,sides_item_2_47,sides,143.13,1
939,47,sides_item_3_47,sides,149.03,1
940,47,sides_item_4_47,sides,197.93,0
941,48,main_item_0_48,main,113.53,1
942,48,main_item_1_48,main,275.51,1
943,48,main_item_2_48,main,190.12,1
944,48,main_item_3_48,main,276.87,0
945,48,main_item_4_48,main,277.1,0
946,48,drinks_item_0_48,drinks,190.98,1
947,48,drinks_item_1_48,drinks,175.99,1
948,48,drinks_item_2_48,drinks,89.86,1
949,48,drinks_item_3_48,drinks,110.99,1
950,48,drinks_item_4_48,drinks,80.21,1
951,48,dessert_item_0_48,dessert,62.52,0
952,48,dessert_item_1_48,dessert,173.29,1
953,48,dessert_item_2_48,dessert,125.19,1
954,48,dessert_item_3_48,dessert,77.84,1
955,48,dessert_item_4_48,dessert,51.2,1
956,48,sides_item_0_48,sides,127.44,1
957,48,sides_item_1_48,sides,121.72,1
958,48,sides_item_2_48,sides,117.51,0
959,48,sides_item_3_48,sides,75.0,1
960,48,sides_item_4_48,sides,108.36,1
961,49,main_item_0_49,main,107.95,0
962,49,main_item_1_49,main,338.87,1
963,49,main_item_2_49,main,297.36,0
964,49,main_item_3_49,main,146.45,1
965,49,main_item_4_49,main,380.66,1
966,49,drinks_item_0_49,drinks,62.35,1
967,49,drinks_item_1_49,drinks,176.84,1
968,49,drinks_item_2_49,drinks,50.86,1
969,49,drinks_item_3_49,drinks,132.34,1
970,49,drinks_item_4_49,drinks,120.38,1
971,49,dessert_item_0_49,dessert,199.98,1
972,49,dessert_item_1_49,dessert,151.71,1
973,49,dessert_item_2_49,dessert,154.28,0
974,49,dessert_item_3_49,dessert,98.03,1
975,49,dessert_item_4_49,dessert,57.96,1
976,49,sides_item_0_49,sides,172.08,1
977,49,sides_item_1_49,sides,186.52,1
978,49,sides_item_2_49,sides,76.71,0
979,49,sides_item_3_49,sides,185.88,1
980,49,sides_item_4_49,sides,113.28,0
981,50,main_item_0_50,main,214.53,1
982,50,main_item_1_50,main,328.84,1
983,50,main_item_2_50,main,434.14,1
984,50,main_item_3_50,main,204.34,0
985,50,main_item_4_50,main,435.93,1
986,50,drinks_item_0_50,drinks,74.96,0
987,50,drinks_item_1_50,drinks,168.66,0
988,50,drinks_item_2_50,drinks,153.66,1
989,50,drinks_item_3_50,drinks,72.12,1
990,50,drinks_item_4_50,drinks,71.35,0
991,50,dessert_item_0_50,dessert,96.28,1
992,50,dessert_item_1_50,dessert,167.35,0
993,50,dessert_item_2_50,dessert,171.8,0
994,50,dessert_item_3_50,dessert,129.51,1
995,50,dessert_item_4_50,dessert,143.57,0
996,50,sides_item_0_50,sides,51.48,1
997,50,sides_item_1_50,sides,60.71,1
998,50,sides_item_2_50,sides,76.05,1
999,50,sides_item_3_50,sides,115.1,1
1000,50,sides_item_4_50,sides,167.38,1
1001,51,main_item_0_51,main,110.3,1
1002,51,main_item_1_51,main,132.87,1
1003,51,main_item_2_51,main,421.37,0
1004,51,main_item_3_51,main,279.64,0
1005,51,main_item_4_51,main,421.55,1
1006,51,drinks_item_0_51,drinks,84.71,0
1007,51,drinks_item_1_51,drinks,154.3,0
1008,51,drinks_item_2_51,drinks,74.36,1
1009,51,drinks_item_3_51,drinks,158.54,0
1010,51,drinks_item_4_51,drinks,68.27,1
1011,51,dessert_item_0_51,dessert,87.92,1
1012,51,dessert_item_1_51,dessert,153.7,0
1013,51,dessert_item_2_51,dessert,147.3,1
1014,51,dessert_item_3_51,dessert,135.57,1
1015,51,dessert_item_4_51,dessert,173.62,1
1016,51,sides_item_0_51,sides,89.65,0
1017,51,sides_item_1_51,sides,50.3,1
1018,51,sides_item_2_51,sides,191.32,0
1019,51,sides_item_3_51,sides,123.06,0
1020,51,sides_item_4_51,sides,192.31,0
1021,52,main_item_0_52,main,300.66,0
1022,52,main_item_1_52,main,233.1,0
1023,52,main_item_2_52,main,290.17,1
1024,52,main_item_3_52,main,232.32,0
1025,52,main_item_4_52,main,293.79,1
1026,52,drinks_item_0_52,drinks,159.53,1
1027,52,drinks_item_1_52,drinks,104.91,1
1028,52,drinks_item_2_52,drinks,119.83,0
1029,52,drinks_item_3_52,drinks,112.86,0
1030,52,drinks_item_4_52,drinks,67.17,0
1031,52,dessert_item_0_52,dessert,92.43,0
1032,52,dessert_item_1_52,dessert,154.92,1
1033,52,dessert_item_2_52,dessert,178.77,0
1034,52,dessert_item_3_52,dessert,89.89,1
1035,52,dessert_item_4_52,dessert,116.61,1
1036,52,sides_item_0_52,sides,123.83,1
1037,52,sides_item_1_52,sides,72.22,1
1038,52,sides_item_2_52,sides,61.75,0
1039,52,sides_item_3_52,sides,151.02,1
1040,52,sides_item_4_52,sides,182.21,0
1041,53,main_item_0_53,main,359.76,1
1042,53,main_item_1_53,main,161.72,1
1043,53,main_item_2_53,main,264.52,1
1044,53,main_item_3_53,main,486.91,1
1045,53,main_item_4_53,main,429.35,1
1046,53,drinks_item_0_53,drinks,149.41,1
1047,53,drinks_item_1_53,drinks,87.74,1
1048,53,drinks_item_2_53,drinks,106.67,1
1049,53,drinks_item_3_53,drinks,124.07,1
1050,53,drinks_item_4_53,drinks,184.23,1
1051,53,dessert_item_0_53,dessert,126.14,1
1052,53,dessert_item_1_53,dessert,90.05,0
1053,53,dessert_item_2_53,dessert,111.06,1
1054,53,dessert_item_3_53,dessert,94.59,0
1055,53,dessert_item_4_53,dessert,69.96,0
1056,53,sides_item_0_53,sides,86.01,0
1057,53,sides_item_1_53,sides,94.86,1
1058,53,sides_item_2_53,sides,87.59,1
1059,53,sides_item_3_53,sides,126.69,0
1060,53,sides_item_4_53,sides,91.94,1
1061,54,main_item_0_54,main,105.46,1
1062,54,main_item_1_54,main,278.07,1
1063,54,main_item_2_54,main,495.36,1
1064,54,main_item_3_54,main,479.1,1
1065,54,main_item_4_54,main,476.53,1
1066,54,drinks_item_0_54,drinks,94.46,0
1067,54,drinks_item_1_54,drinks,104.75,1
1068,54,drinks_item_2_54,drinks,104.11,0
1069,54,drinks_item_3_54,drinks,166.75,0
1070,54,drinks_item_4_54,drinks,143.14,1
1071,54,dessert_item_0_54,dessert,136.33,1
1072,54,dessert_item_1_54,dessert,146.43,1
1073,54,dessert_item_2_54,dessert,73.97,1
1074,54,dessert_item_3_54,dessert,51.15,1
1075,54,dessert_item_4_54,dessert,136.3,0
1076,54,sides_item_0_54,sides,128.58,1
1077,54,sides_item_1_54,sides,87.64,0
1078,54,sides_item_2_54,sides,164.38,1
1079,54,sides_item_3_54,sides,120.47,1
1080,54,sides_item_4_54,sides,117.62,1
1081,55,main_item_0_55,main,233.12,1
1082,55,main_item_1_55,main,316.91,1
1083,55,main_item_2_55,main,368.32,0
1084,55,main_item_3_55,main,389.73,0
1085,55,main_item_4_55,main,259.02,1
1086,55,drinks_item_0_55,drinks,106.77,0
1087,55,drinks_item_1_55,drinks,180.79,1
1088,55,drinks_item_2_55,drinks,144.01,1
1089,55,drinks_item_3_55,drinks,198.0,1
1090,55,drinks_item_4_55,drinks,186.32,0
1091,55,dessert_item_0_55,dessert,155.07,0
1092,55,dessert_item_1_55,dessert,168.35,1
1093,55,dessert_item_2_55,dessert,110.18,1
1094,55,dessert_item_3_55,dessert,178.75,1
1095,55,dessert_item_4_55,dessert,65.98,1
1096,55,sides_item_0_55,sides,91.14,1
1097,55,sides_item_1_55,sides,98.77,0
1098,55,sides_item_2_55,sides,81.48,1
1099,55,sides_item_3_55,sides,161.18,0
1100,55,sides_item_4_55,sides,171.94,1
1101,56,main_item_0_56,main,415.3,1
1102,56,main_item_1_56,main,327.26,0
1103,56,main_item_2_56,main,183.71,1
1104,56,main_item_3_56,main,108.69,1
1105,56,main_item_4_56,main,145.3,0
1106,56,drinks_item_0_56,drinks,76.3,1
1107,56,drinks_item_1_56,drinks,121.73,0
1108,56,drinks_item_2_56,drinks,153.02,1
1109,56,drinks_item_3_56,drinks,135.87,0
1110,56,drinks_item_4_56,drinks,58.21,1
1111,56,dessert_item_0_56,dessert,143.91,1
1112,56,dessert_item_1_56,dessert,132.09,0
1113,56,dessert_item_2_56,dessert,110.55,1
1114,56,dessert_item_3_56,dessert,107.73,1
1115,56,dessert_item_4_56,dessert,110.81,1
1116,56,sides_item_0_56,sides,83.81,0
1117,56,sides_item_1_56,sides,146.8,1
1118,56,sides_item_2_56,sides,50.65,0
1119,56,sides_item_3_56,sides,146.54,1
1120,56,sides_item_4_56,sides,96.86,1
1121,57,main_item_0_57,main,206.1,1
1122,57,main_item_1_57,main,379.18,0
1123,57,main_item_2_57,main,366.04,0
1124,57,main_item_3_57,main,169.04,1
1125,57,main_item_4_57,main,280.92,1
1126,57,drinks_item_0_57,drinks,62.68,1
1127,57,drinks_item_1_57,drinks,65.91,0
1128,57,drinks_item_2_57,drinks,127.38,1
1129,57,drinks_item_3_57,drinks,198.33,1
1130,57,drinks_item_4_57,drinks,99.12,1
1131,57,dessert_item_0_57,dessert,96.83,0
1132,57,dessert_item_1_57,dessert,124.16,1
1133,57,dessert_item_2_57,dessert,156.28,1
1134,57,dessert_item_3_57,dessert,158.91,1
1135,57,dessert_item_4_57,dessert,163.97,0
1136,57,sides_item_0_57,sides,76.59,0
1137,57,sides_item_1_57,sides,177.64,1
1138,57,sides_item_2_57,sides,134.97,0
1139,57,sides_item_3_57,sides,85.37,1
1140,57,sides_item_4_57,sides,86.37,1
1141,58,main_item_0_58,main,173.85,1
1142,58,main_item_1_58,main,351.28,1
1143,58,main_item_2_58,main,275.34,1
1144,58,main_item_3_58,main,294.79,1
1145,58,main_item_4_58,main,308.75,0
1146,58,drinks_item_0_58,drinks,150.18,1
1147,58,drinks_item_1_58,drinks,170.57,0
1148,58,drinks_item_2_58,drinks,89.14,1
1149,58,drinks_item_3_58,drinks,189.5,1
1150,58,drinks_item_4_58,drinks,57.16,0
1151,58,dessert_item_0_58,dessert,87.07,1
1152,58,dessert_item_1_58,dessert,97.67,1
1153,58,dessert_item_2_58,dessert,50.46,1
1154,58,dessert_item_3_58,dessert,149.64,1
1155,58,dessert_item_4_58,dessert,128.09,1
1156,58,sides_item_0_58,sides,171.57,1
1157,58,sides_item_1_58,sides,55.19,0
1158,58,sides_item_2_58,sides,175.84,1
1159,58,sides_item_3_58,sides,193.61,1
1160,58,sides_item_4_58,sides,76.51,1
1161,59,main_item_0_59,main,274.62,1
1162,59,main_item_1_59,main,423.18,1
1163,59,main_item_2_59,main,174.11,1
1164,59,main_item_3_59,main,336.76,1
1165,59,main_item_4_59,main,371.3,1
1166,59,drinks_item_0_59,drinks,118.63,1
1167,59,drinks_item_1_59,drinks,158.56,0
1168,59,drinks_item_2_59,drinks,124.56,1
1169,59,drinks_item_3_59,drinks,55.99,1
1170,59,drinks_item_4_59,drinks,106.61,0
1171,59,dessert_item_0_59,dessert,118.68,0
1172,59,dessert_item_1_59,dessert,155.66,1
1173,59,dessert_item_2_59,dessert,90.52,1
1174,59,dessert_item_3_59,dessert,93.76,1
1175,59,dessert_item_4_59,dessert,170.24,1
1176,59,sides_item_0_59,sides,194.13,1
1177,59,sides_item_1_59,sides,188.15,0
1178,59,sides_item_2_59,sides,132.25,1
1179,59,sides_item_3_59,sides,185.53,1
1180,59,sides_item_4_59,sides,181.87,1
1181,60,main_item_0_60,main,109.69,0
1182,60,main_item_1_60,main,151.57,0
1183,60,main_item_2_60,main,216.36,0
1184,60,main_item_3_60,main,197.21,1
1185,60,main_item_4_60,main,224.78,0
1186,60,drinks_item_0_60,drinks,157.75,1
1187,60,drinks_item_1_60,drinks,97.11,0
1188,60,drinks_item_2_60,drinks,86.26,0
1189,60,drinks_item_3_60,drinks,63.08,1
1190,60,drinks_item_4_60,drinks,173.33,1
1191,60,dessert_item_0_60,dessert,113.18,0
1192,60,dessert_item_1_60,dessert,111.42,1
1193,60,dessert_item_2_60,dessert,149.9,1
1194,60,dessert_item_3_60,dessert,60.59,1
1195,60,dessert_item_4_60,dessert,186.53,0
1196,60,sides_item_0_60,sides,77.54,0
1197,60,sides_item_1_60,sides,133.95,0
1198,60,sides_item_2_60,sides,80.05,1
1199,60,sides_item_3_60,sides,66.4,0
1200,60,sides_item_4_60,sides,164.45,1
1201,61,main_item_0_61,main,234.42,0
1202,61,main_item_1_61,main,394.8,1
1203,61,main_item_2_61,main,492.01,0
1204,61,main_item_3_61,main,383.77,1
1205,61,main_item_4_61,main,465.85,1
1206,61,drinks_item_0_61,drinks,116.89,0
1207,61,drinks_item_1_61,drinks,98.14,1
1208,61,drinks_item_2_61,drinks,52.63,1
1209,61,drinks_item_3_61,drinks,100.45,1
1210,61,drinks_item_4_61,drinks,66.07,1
1211,61,dessert_item_0_61,dessert,157.1,0
1212,61,dessert_item_1_61,dessert,62.49,1
1213,61,dessert_item_2_61,dessert,87.41,0
1214,61,dessert_item_3_61,dessert,103.86,1
1215,61,dessert_item_4_61,dessert,98.91,1
1216,61,sides_item_0_61,sides,182.12,1
1217,61,sides_item_1_61,sides,109.82,1
1218,61,sides_item_2_61,sides,152.6,1
1219,61,sides_item_3_61,sides,125.13,0
1220,61,sides_item_4_61,sides,183.03,1
1221,62,main_item_0_62,main,487.42,0
1222,62,main_item_1_62,main,496.95,0
1223,62,main_item_2_62,main,247.27,1
1224,62,main_item_3_62,main,377.33,1
1225,62,main_item_4_62,main,290.5,0
1226,62,drinks_item_0_62,drinks,124.41,0
1227,62,drinks_item_1_62,drinks,148.65,0
1228,62,drinks_item_2_62,drinks,109.09,1
1229,62,drinks_item_3_62,drinks,63.33,1
1230,62,drinks_item_4_62,drinks,63.6,0
1231,62,dessert_item_0_62,dessert,140.74,1
1232,62,dessert_item_1_62,dessert,132.27,1
1233,62,dessert_item_2_62,dessert,172.59,1
1234,62,dessert_item_3_62,dessert,142.44,1
1235,62,dessert_item_4_62,dessert,118.88,1
1236,62,sides_item_0_62,sides,128.19,0
1237,62,sides_item_1_62,sides,71.29,0
1238,62,sides_item_2_62,sides,60.17,0
1239,62,sides_item_3_62,sides,148.46,0
1240,62,sides_item_4_62,sides,140.61,1
1241,63,main_item_0_63,main,168.06,0
1242,63,main_item_1_63,main,111.54,1
1243,63,main_item_2_63,main,361.84,1
1244,63,main_item_3_63,main,255.78,1
1245,63,main_item_4_63,main,412.61,0
1246,63,drinks_item_0_63,drinks,167.57,1
1247,63,drinks_item_1_63,drinks,86.21,1
1248,63,drinks_item_2_63,drinks,57.39,0
1249,63,drinks_item_3_63,drinks,76.11,0
1250,63,drinks_item_4_63,drinks,103.56,1
1251,63,dessert_item_0_63,dessert,188.15,1
1252,63,dessert_item_1_63,dessert,110.3,1
1253,63,dessert_item_2_63,dessert,92.44,0
1254,63,dessert_item_3_63,dessert,119.55,1
1255,63,dessert_item_4_63,dessert,103.22,1
1256,63,sides_item_0_63,sides,77.58,1
1257,63,sides_item_1_63,sides,125.02,1
1258,63,sides_item_2_63,sides,189.05,1
1259,63,sides_item_3_63,sides,95.81,1
1260,63,sides_item_4_63,sides,87.71,1
1261,64,main_item_0_64,main,428.94,1
1262,64,main_item_1_64,main,413.74,1
1263,64,main_item_2_64,main,129.84,1
1264,64,main_item_3_64,main,261.85,1
1265,64,main_item_4_64,main,222.62,1
1266,64,drinks_item_0_64,drinks,152.07,1
1267,64,drinks_item_1_64,drinks,93.78,1
1268,64,drinks_item_2_64,drinks,173.47,1
1269,64,drinks_item_3_64,drinks,103.99,1
1270,64,drinks_item_4_64,drinks,199.41,1
1271,64,dessert_item_0_64,dessert,142.18,1
1272,64,dessert_item_1_64,dessert,116.3,1
1273,64,dessert_item_2_64,dessert,132.8,0
1274,64,dessert_item_3_64,dessert,62.9,0
1275,64,dessert_item_4_64,dessert,135.3,1
1276,64,sides_item_0_64,sides,181.27,1
1277,64,sides_item_1_64,sides,65.37,1
1278,64,sides_item_2_64,sides,149.99,0
1279,64,sides_item_3_64,sides,131.84,0
1280,64,sides_item_4_64,sides,61.61,0
1281,65,main_item_0_65,main,403.69,1
1282,65,main_item_1_65,main,386.05,1
1283,65,main_item_2_65,main,153.72,0
1284,65,main_item_3_65,main,200.99,0
1285,65,main_item_4_65,main,475.67,1
1286,65,drinks_item_0_65,drinks,88.28,0
1287,65,drinks_item_1_65,drinks,152.63,1
1288,65,drinks_item_2_65,drinks,151.36,0
1289,65,drinks_item_3_65,drinks,127.54,0
1290,65,drinks_item_4_65,drinks,172.65,0
1291,65,dessert_item_0_65,dessert,91.32,1
1292,65,dessert_item_1_65,dessert,80.78,1
1293,65,dessert_item_2_65,dessert,70.52,0
1294,65,dessert_item_3_65,dessert,179.52,0
1295,65,dessert_item_4_65,dessert,73.53,0
1296,65,sides_item_0_65,sides,182.88,1
1297,65,sides_item_1_65,sides,193.45,1
1298,65,sides_item_2_65,sides,165.13,1
1299,65,sides_item_3_65,sides,173.12,1
1300,65,sides_item_4_65,sides,174.05,1
1301,66,main_item_0_66,main,371.38,0
1302,66,main_item_1_66,main,352.28,1
1303,66,main_item_2_66,main,284.62,1
1304,66,main_item_3_66,main,301.76,0
1305,66,main_item_4_66,main,350.59,1
1306,66,drinks_item_0_66,drinks,182.78,1
1307,66,drinks_item_1_66,drinks,52.92,0
1308,66,drinks_item_2_66,drinks,74.19,0
1309,66,drinks_item_3_66,drinks,169.97,0
1310,66,drinks_item_4_66,drinks,96.85,1
1311,66,dessert_item_0_66,dessert,111.87,0
1312,66,dessert_item_1_66,dessert,137.77,0
1313,66,dessert_item_2_66,dessert,135.75,1
1314,66,dessert_item_3_66,dessert,189.42,0
1315,66,dessert_item_4_66,dessert,95.59,1
1316,66,sides_item_0_66,sides,97.32,1
1317,66,sides_item_1_66,sides,53.01,1
1318,66,sides_item_2_66,sides,182.49,1
1319,66,sides_item_3_66,sides,174.58,0
1320,66,sides_item_4_66,sides,147.78,1
1321,67,main_item_0_67,main,475.16,1
1322,67,main_item_1_67,main,495.22,1
1323,67,main_item_2_67,main,318.76,1
1324,67,main_item_3_67,main,485.87,1
1325,67,main_item_4_67,main,435.99,1
1326,67,drinks_item_0_67,drinks,135.58,0
1327,67,drinks_item_1_67,drinks,73.33,0
1328,67,drinks_item_2_67,drinks,121.45,1
1329,67,drinks_item_3_67,drinks,142.61,1
1330,67,drinks_item_4_67,drinks,195.96,0
1331,67,dessert_item_0_67,dessert,181.07,0
1332,67,dessert_item_1_67,dessert,140.29,1
1333,67,dessert_item_2_67,dessert,165.83,1
1334,67,dessert_item_3_67,dessert,79.58,0
1335,67,dessert_item_4_67,dessert,90.82,1
1336,67,sides_item_0_67,sides,129.5,1
1337,67,sides_item_1_67,sides,176.77,1
1338,67,sides_item_2_67,sides,119.39,0
1339,67,sides_item_3_67,sides,169.56,1
1340,67,sides_item_4_67,sides,131.97,1
1341,68,main_item_0_68,main,367.15,1
1342,68,main_item_1_68,main,480.86,1
1343,68,main_item_2_68,main,423.79,1
1344,68,main_item_3_68,main,119.86,1
1345,68,main_item_4_68,main,128.91,1
1346,68,drinks_item_0_68,drinks,75.4,0
1347,68,drinks_item_1_68,drinks,77.63,1
1348,68,drinks_item_2_68,drinks,111.76,0
1349,68,drinks_item_3_68,drinks,174.57,1
1350,68,drinks_item_4_68,drinks,168.13,1
1351,68,dessert_item_0_68,dessert,162.63,1
1352,68,dessert_item_1_68,dessert,136.46,1
1353,68,dessert_item_2_68,dessert,178.99,0
1354,68,dessert_item_3_68,dessert,57.51,1
1355,68,dessert_item_4_68,dessert,88.19,1
1356,68,sides_item_0_68,sides,86.07,1
1357,68,sides_item_1_68,sides,193.74,0
1358,68,sides_item_2_68,sides,85.01,0
1359,68,sides_item_3_68,sides,150.98,1
1360,68,sides_item_4_68,sides,118.44,0
1361,69,main_item_0_69,main,265.89,0
1362,69,main_item_1_69,main,344.48,0
1363,69,main_item_2_69,main,345.92,0
1364,69,main_item_3_69,main,238.52,0
1365,69,main_item_4_69,main,369.53,1
1366,69,drinks_item_0_69,drinks,177.76,0
1367,69,drinks_item_1_69,drinks,56.02,0
1368,69,drinks_item_2_69,drinks,101.5,0
1369,69,drinks_item_3_69,drinks,62.53,1
1370,69,drinks_item_4_69,drinks,151.54,1
1371,69,dessert_item_0_69,dessert,109.81,1
1372,69,dessert_item_1_69,dessert,163.32,0
1373,69,dessert_item_2_69,dessert,167.71,1
1374,69,dessert_item_3_69,dessert,182.07,1
1375,69,dessert_item_4_69,dessert,136.93,1
1376,69,sides_item_0_69,sides,102.4,1
1377,69,sides_item_1_69,sides,115.54,1
1378,69,sides_item_2_69,sides,88.21,0
1379,69,sides_item_3_69,sides,144.9,1
1380,69,sides_item_4_69,sides,58.97,1
1381,70,main_item_0_70,main,167.43,1
1382,70,main_item_1_70,main,278.02,0
1383,70,main_item_2_70,main,264.78,0
1384,70,main_item_3_70,main,361.24,0
1385,70,main_item_4_70,main,428.81,0
1386,70,drinks_item_0_70,drinks,110.51,1
1387,70,drinks_item_1_70,drinks,53.39,0
1388,70,drinks_item_2_70,drinks,99.11,0
1389,70,drinks_item_3_70,drinks,132.0,1
1390,70,drinks_item_4_70,drinks,84.13,1
1391,70,dessert_item_0_70,dessert,199.87,1
1392,70,dessert_item_1_70,dessert,58.8,0
1393,70,dessert_item_2_70,dessert,124.16,0
1394,70,dessert_item_3_70,dessert,62.15,0
1395,70,dessert_item_4_70,dessert,59.18,1
1396,70,sides_item_0_70,sides,123.54,0
1397,70,sides_item_1_70,sides,122.38,1
1398,70,sides_item_2_70,sides,140.86,1
1399,70,sides_item_3_70,sides,197.4,1
1400,70,sides_item_4_70,sides,176.78,0
1401,71,main_item_0_71,main,312.46,1
1402,71,main_item_1_71,main,325.89,0
1403,71,main_item_2_71,main,125.06,0
1404,71,main_item_3_71,main,359.06,1
1405,71,main_item_4_71,main,194.61,1
1406,71,drinks_item_0_71,drinks,60.24,1
1407,71,drinks_item_1_71,drinks,174.86,0
1408,71,drinks_item_2_71,drinks,94.73,0
1409,71,drinks_item_3_71,drinks,199.33,1
1410,71,drinks_item_4_71,drinks,149.33,0
1411,71,dessert_item_0_71,dessert,190.06,0
1412,71,dessert_item_1_71,dessert,89.03,0
1413,71,dessert_item_2_71,dessert,119.37,0
1414,71,dessert_item_3_71,dessert,139.68,0
1415,71,dessert_item_4_71,dessert,130.88,1
1416,71,sides_item_0_71,sides,86.38,0
1417,71,sides_item_1_71,sides,155.85,0
1418,71,sides_item_2_71,sides,97.5,1
1419,71,sides_item_3_71,sides,72.84,1
1420,71,sides_item_4_71,sides,75.34,0
1421,72,main_item_0_72,main,408.91,0
1422,72,main_item_1_72,main,250.31,1
1423,72,main_item_2_72,main,171.81,1
1424,72,main_item_3_72,main,467.13,1
1425,72,main_item_4_72,main,119.54,1
1426,72,drinks_item_0_72,drinks,63.52,0
1427,72,drinks_item_1_72,drinks,177.45,0
1428,72,drinks_item_2_72,drinks,61.55,0
1429,72,drinks_item_3_72,drinks,199.91,0
1430,72,drinks_item_4_72,drinks,73.59,1
1431,72,dessert_item_0_72,dessert,127.89,1
1432,72,dessert_item_1_72,dessert,192.0,0
1433,72,dessert_item_2_72,dessert,94.0,0
1434,72,dessert_item_3_72,dessert,154.59,0
1435,72,dessert_item_4_72,dessert,170.41,1
1436,72,sides_item_0_72,sides,56.55,1
1437,72,sides_item_1_72,sides,88.12,1
1438,72,sides_item_2_72,sides,166.66,1
1439,72,sides_item_3_72,sides,166.77,1
1440,72,sides_item_4_72,sides,187.41,1
1441,73,main_item_0_73,main,223.69,1
1442,73,main_item_1_73,main,484.42,1
1443,73,main_item_2_73,main,360.78,1
1444,73,main_item_3_73,main,426.92,0
1445,73,main_item_4_73,main,351.61,1
1446,73,drinks_item_0_73,drinks,84.7,1
1447,73,drinks_item_1_73,drinks,130.14,0
1448,73,drinks_item_2_73,drinks,57.66,1
1449,73,drinks_item_3_73,drinks,97.47,0
1450,73,drinks_item_4_73,drinks,122.78,1
1451,73,dessert_item_0_73,dessert,80.93,1
1452,73,dessert_item_1_73,dessert,153.88,0
1453,73,dessert_item_2_73,dessert,129.94,1
1454,73,dessert_item_3_73,dessert,77.94,1
1455,73,dessert_item_4_73,dessert,122.42,0
1456,73,sides_item_0_73,sides,100.16,1
1457,73,sides_item_1_73,sides,51.52,0
1458,73,sides_item_2_73,sides,58.33,1
1459,73,sides_item_3_73,sides,100.41,1
1460,73,sides_item_4_73,sides,133.89,1
1461,74,main_item_0_74,main,374.85,1
1462,74,main_item_1_74,main,397.89,1
1463,74,main_item_2_74,main,254.18,1
1464,74,main_item_3_74,main,435.4,1
1465,74,main_item_4_74,main,250.92,0
1466,74,drinks_item_0_74,drinks,124.3,0
1467,74,drinks_item_1_74,drinks,193.34,1
1468,74,drinks_item_2_74,drinks,51.34,0
1469,74,drinks_item_3_74,drinks,92.65,0
1470,74,drinks_item_4_74,drinks,184.09,1
1471,74,dessert_item_0_74,dessert,195.63,1
1472,74,dessert_item_1_74,dessert,146.82,1
1473,74,dessert_item_2_74,dessert,191.96,1
1474,74,dessert_item_3_74,dessert,179.22,1
1475,74,dessert_item_4_74,dessert,50.24,1
1476,74,sides_item_0_74,sides,145.35,1
1477,74,sides_item_1_74,sides,173.17,1
1478,74,sides_item_2_74,sides,139.8,0
1479,74,sides_item_3_74,sides,105.4,0
1480,74,sides_item_4_74,sides,100.82,1
1481,75,main_item_0_75,main,126.58,0
1482,75,main_item_1_75,main,274.75,1
1483,75,main_item_2_75,main,112.28,1
1484,75,main_item_3_75,main,253.55,0
1485,75,main_item_4_75,main,327.0,1
1486,75,drinks_item_0_75,drinks,131.38,1
1487,75,drinks_item_1_75,drinks,172.46,1
1488,75,drinks_item_2_75,drinks,60.97,1
1489,75,drinks_item_3_75,drinks,192.42,1
1490,75,drinks_item_4_75,drinks,175.47,1
1491,75,dessert_item_0_75,dessert,97.86,1
1492,75,dessert_item_1_75,dessert,123.83,1
1493,75,dessert_item_2_75,dessert,196.16,1
1494,75,dessert_item_3_75,dessert,198.9,0
1495,75,dessert_item_4_75,dessert,184.36,0
1496,75,sides_item_0_75,sides,67.71,1
1497,75,sides_item_1_75,sides,118.25,1
1498,75,sides_item_2_75,sides,123.83,1
1499,75,sides_item_3_75,sides,61.8,1
1500,75,sides_item_4_75,sides,163.87,1
1501,76,main_item_0_76,main,242.05,1
1502,76,main_item_1_76,main,293.32,1
1503,76,main_item_2_76,main,320.89,0
1504,76,main_item_3_76,main,125.82,0
1505,76,main_item_4_76,main,473.12,1
1506,76,drinks_item_0_76,drinks,170.33,1
1507,76,drinks_item_1_76,drinks,193.69,0
1508,76,drinks_item_2_76,drinks,58.56,1
1509,76,drinks_item_3_76,drinks,155.82,1
1510,76,drinks_item_4_76,drinks,98.96,0
1511,76,dessert_item_0_76,dessert,122.34,1
1512,76,dessert_item_1_76,dessert,136.83,1
1513,76,dessert_item_2_76,dessert,130.95,0
1514,76,dessert_item_3_76,dessert,154.38,1
1515,76,dessert_item_4_76,dessert,51.72,0
1516,76,sides_item_0_76,sides,63.82,1
1517,76,sides_item_1_76,sides,139.0,1
1518,76,sides_item_2_76,sides,119.45,1
1519,76,sides_item_3_76,sides,148.98,0
1520,76,sides_item_4_76,sides,117.22,1
1521,77,main_item_0_77,main,269.34,0
1522,77,main_item_1_77,main,496.49,1
1523,77,main_item_2_77,main,476.62,0
1524,77,main_item_3_77,main,193.7,1
1525,77,main_item_4_77,main,432.85,1
1526,77,drinks_item_0_77,drinks,177.45,1
1527,77,drinks_item_1_77,drinks,167.12,0
1528,77,drinks_item_2_77,drinks,92.82,0
1529,77,drinks_item_3_77,drinks,95.46,0
1530,77,drinks_item_4_77,drinks,162.87,0
1531,77,dessert_item_0_77,dessert,159.26,1
1532,77,dessert_item_1_77,dessert,59.91,0
1533,77,dessert_item_2_77,dessert,92.82,0
1534,77,dessert_item_3_77,dessert,137.17,1
1535,77,dessert_item_4_77,dessert,145.12,0
1536,77,sides_item_0_77,sides,124.76,1
1537,77,sides_item_1_77,sides,67.91,0
1538,77,sides_item_2_77,sides,183.57,0
1539,77,sides_item_3_77,sides,170.17,0
1540,77,sides_item_4_77,sides,56.25,1
1541,78,main_item_0_78,main,456.99,1
1542,78,main_item_1_78,main,201.18,1
1543,78,main_item_2_78,main,291.89,0
1544,78,main_item_3_78,main,111.17,1
1545,78,main_item_4_78,main,318.53,0
1546,78,drinks_item_0_78,drinks,188.34,1
1547,78,drinks_item_1_78,drinks,170.19,1
1548,78,drinks_item_2_78,drinks,149.53,0
1549,78,drinks_item_3_78,drinks,151.89,1
1550,78,drinks_item_4_78,drinks,147.16,0
1551,78,dessert_item_0_78,dessert,92.79,1
1552,78,dessert_item_1_78,dessert,77.75,1
1553,78,dessert_item_2_78,dessert,119.79,1
1554,78,dessert_item_3_78,dessert,162.13,0
1555,78,dessert_item_4_78,dessert,119.94,0
1556,78,sides_item_0_78,sides,150.56,0
1557,78,sides_item_1_78,sides,63.09,1
1558,78,sides_item_2_78,sides,116.44,0
1559,78,sides_item_3_78,sides,138.89,1
1560,78,sides_item_4_78,sides,111.64,1
1561,79,main_item_0_79,main,399.78,0
1562,79,main_item_1_79,main,328.31,0
1563,79,main_item_2_79,main,197.86,1
1564,79,main_item_3_79,main,284.83,1
1565,79,main_item_4_79,main,166.4,0
1566,79,drinks_item_0_79,drinks,102.92,0
1567,79,drinks_item_1_79,drinks,161.79,1
1568,79,drinks_item_2_79,drinks,132.99,1
1569,79,drinks_item_3_79,drinks,159.83,1
1570,79,drinks_item_4_79,drinks,112.21,1
1571,79,dessert_item_0_79,dessert,124.26,1
1572,79,dessert_item_1_79,dessert,181.22,0
1573,79,dessert_item_2_79,dessert,131.99,1
1574,79,dessert_item_3_79,dessert,124.43,1
1575,79,dessert_item_4_79,dessert,77.88,1
1576,79,sides_item_0_79,sides,180.55,1
1577,79,sides_item_1_79,sides,123.01,0
1578,79,sides_item_2_79,sides,56.33,1
1579,79,sides_item_3_79,sides,176.52,1
1580,79,sides_item_4_79,sides,148.8,1
1581,80,main_item_0_80,main,393.94,1
1582,80,main_item_1_80,main,407.61,1
1583,80,main_item_2_80,main,283.18,0
1584,80,main_item_3_80,main,437.53,0
1585,80,main_item_4_80,main,206.98,1
1586,80,drinks_item_0_80,drinks,195.74,1
1587,80,drinks_item_1_80,drinks,105.3,1
1588,80,drinks_item_2_80,drinks,189.71,1
1589,80,drinks_item_3_80,drinks,119.29,1
1590,80,drinks_item_4_80,drinks,96.73,1
1591,80,dessert_item_0_80,dessert,169.59,1
1592,80,dessert_item_1_80,dessert,138.36,1
1593,80,dessert_item_2_80,dessert,94.66,0
1594,80,dessert_item_3_80,dessert,86.32,1
1595,80,dessert_item_4_80,dessert,169.59,1
1596,80,sides_item_0_80,sides,147.8,0
1597,80,sides_item_1_80,sides,55.96,0
1598,80,sides_item_2_80,sides,137.65,1
1599,80,sides_item_3_80,sides,166.58,0
1600,80,sides_item_4_80,sides,57.72,1
1601,81,main_item_0_81,main,130.24,0
1602,81,main_item_1_81,main,137.69,1
1603,81,main_item_2_81,main,245.33,0
1604,81,main_item_3_81,main,338.07,0
1605,81,main_item_4_81,main,166.72,1
1606,81,drinks_item_0_81,drinks,175.52,0
1607,81,drinks_item_1_81,drinks,77.96,0
1608,81,drinks_item_2_81,drinks,129.19,1
1609,81,drinks_item_3_81,drinks,87.62,1
1610,81,drinks_item_4_81,drinks,74.12,1
1611,81,dessert_item_0_81,dessert,52.32,1
1612,81,dessert_item_1_81,dessert,151.49,0
1613,81,dessert_item_2_81,dessert,182.18,0
1614,81,dessert_item_3_81,dessert,61.81,1
1615,81,dessert_item_4_81,dessert,96.35,1
1616,81,sides_item_0_81,sides,145.64,1
1617,81,sides_item_1_81,sides,163.01,0
1618,81,sides_item_2_81,sides,177.83,0
1619,81,sides_item_3_81,sides,153.83,1
1620,81,sides_item_4_81,sides,156.16,1
1621,82,main_item_0_82,main,421.47,1
1622,82,main_item_1_82,main,438.89,1
1623,82,main_item_2_82,main,455.69,1
1624,82,main_item_3_82,main,435.59,1
1625,82,main_item_4_82,main,146.57,0
1626,82,drinks_item_0_82,drinks,170.98,0
1627,82,drinks_item_1_82,drinks,131.12,1
1628,82,drinks_item_2_82,drinks,52.85,1
1629,82,drinks_item_3_82,drinks,196.72,0
1630,82,drinks_item_4_82,drinks,165.02,0
1631,82,dessert_item_0_82,dessert,165.93,1
1632,82,dessert_item_1_82,dessert,179.04,0
1633,82,dessert_item_2_82,dessert,150.9,1
1634,82,dessert_item_3_82,dessert,80.37,1
1635,82,dessert_item_4_82,dessert,193.7,1
1636,82,sides_item_0_82,sides,167.73,1
1637,82,sides_item_1_82,sides,139.72,0
1638,82,sides_item_2_82,sides,128.64,1
1639,82,sides_item_3_82,sides,150.51,0
1640,82,sides_item_4_82,sides,86.21,1
1641,83,main_item_0_83,main,167.06,1
1642,83,main_item_1_83,main,200.2,1
1643,83,main_item_2_83,main,494.75,1
1644,83,main_item_3_83,main,207.79,0
1645,83,main_item_4_83,main,467.45,1
1646,83,drinks_item_0_83,drinks,74.08,1
1647,83,drinks_item_1_83,drinks,94.64,1
1648,83,drinks_item_2_83,drinks,50.76,1
1649,83,drinks_item_3_83,drinks,164.16,0
1650,83,drinks_item_4_83,drinks,152.57,0
1651,83,dessert_item_0_83,dessert,63.42,1
1652,83,dessert_item_1_83,dessert,142.06,0
1653,83,dessert_item_2_83,dessert,127.76,1
1654,83,dessert_item_3_83,dessert,144.3,0
1655,83,dessert_item_4_83,dessert,53.1,0
1656,83,sides_item_0_83,sides,109.79,1
1657,83,sides_item_1_83,sides,189.53,0
1658,83,sides_item_2_83,sides,153.1,0
1659,83,sides_item_3_83,sides,78.59,1
1660,83,sides_item_4_83,sides,156.26,1
1661,84,main_item_0_84,main,397.56,0
1662,84,main_item_1_84,main,373.57,1
1663,84,main_item_2_84,main,310.21,1
1664,84,main_item_3_84,main,101.72,1
1665,84,main_item_4_84,main,233.93,1
1666,84,drinks_item_0_84,drinks,154.02,0
1667,84,drinks_item_1_84,drinks,199.31,0
1668,84,drinks_item_2_84,drinks,73.55,1
1669,84,drinks_item_3_84,drinks,67.88,0
1670,84,drinks_item_4_84,drinks,159.97,1
1671,84,dessert_item_0_84,dessert,193.2,1
1672,84,dessert_item_1_84,dessert,176.68,1
1673,84,dessert_item_2_84,dessert,133.05,0
1674,84,dessert_item_3_84,dessert,164.24,0
1675,84,dessert_item_4_84,dessert,60.23,1
1676,84,sides_item_0_84,sides,192.6,1
1677,84,sides_item_1_84,sides,74.17,1
1678,84,sides_item_2_84,sides,109.0,0
1679,84,sides_item_3_84,sides,144.21,0
1680,84,sides_item_4_84,sides,107.07,1
1681,85,main_item_0_85,main,391.87,0
1682,85,main_item_1_85,main,305.56,0
1683,85,main_item_2_85,main,483.0,0
1684,85,main_item_3_85,main,473.05,1
1685,85,main_item_4_85,main,320.55,0
1686,85,drinks_item_0_85,drinks,178.69,0
1687,85,drinks_item_1_85,drinks,77.0,0
1688,85,drinks_item_2_85,drinks,139.65,0
1689,85,drinks_item_3_85,drinks,198.38,0
1690,85,drinks_item_4_85,drinks,170.84,0
1691,85,dessert_item_0_85,dessert,103.02,0
1692,85,dessert_item_1_85,dessert,196.53,0
1693,85,dessert_item_2_85,dessert,158.25,0
1694,85,dessert_item_3_85,dessert,171.69,0
1695,85,dessert_item_4_85,dessert,78.09,1
1696,85,sides_item_0_85,sides,88.64,1
1697,85,sides_item_1_85,sides,69.73,1
1698,85,sides_item_2_85,sides,111.03,0
1699,85,sides_item_3_85,sides,161.24,0
1700,85,sides_item_4_85,sides,136.22,1
1701,86,main_item_0_86,main,472.14,0
1702,86,main_item_1_86,main,361.34,0
1703,86,main_item_2_86,main,260.33,1
1704,86,main_item_3_86,main,193.51,1
1705,86,main_item_4_86,main,374.74,1
1706,86,drinks_item_0_86,drinks,56.38,0
1707,86,drinks_item_1_86,drinks,102.72,0
1708,86,drinks_item_2_86,drinks,62.15,1
1709,86,drinks_item_3_86,drinks,153.79,0
1710,86,drinks_item_4_86,drinks,162.64,1
1711,86,dessert_item_0_86,dessert,51.4,0
1712,86,dessert_item_1_86,dessert,131.52,0
1713,86,dessert_item_2_86,dessert,164.69,0
1714,86,dessert_item_3_86,dessert,94.04,0
1715,86,dessert_item_4_86,dessert,90.52,0
1716,86,sides_item_0_86,sides,101.49,0
1717,86,sides_item_1_86,sides,139.2,0
1718,86,sides_item_2_86,sides,174.76,0
1719,86,sides_item_3_86,sides,81.63,0
1720,86,sides_item_4_86,sides,160.99,1
1721,87,main_item_0_87,main,145.51,0
1722,87,main_item_1_87,main,499.49,1
1723,87,main_item_2_87,main,239.95,1
1724,87,main_item_3_87,main,266.41,0
1725,87,main_item_4_87,main,411.47,1
1726,87,drinks_item_0_87,drinks,111.32,1
1727,87,drinks_item_1_87,drinks,130.21,0
1728,87,drinks_item_2_87,drinks,88.91,1
1729,87,drinks_item_3_87,drinks,65.52,1
1730,87,drinks_item_4_87,drinks,68.09,0
1731,87,dessert_item_0_87,dessert,184.1,1
1732,87,dessert_item_1_87,dessert,132.54,1
1733,87,dessert_item_2_87,dessert,169.61,1
1734,87,dessert_item_3_87,dessert,77.37,1
1735,87,dessert_item_4_87,dessert,130.27,0
1736,87,sides_item_0_87,sides,76.42,1
1737,87,sides_item_1_87,sides,79.83,0
1738,87,sides_item_2_87,sides,92.98,0
1739,87,sides_item_3_87,sides,177.43,1
1740,87,sides_item_4_87,sides,175.21,1
1741,88,main_item_0_88,main,307.83,1
1742,88,main_item_1_88,main,248.37,1
1743,88,main_item_2_88,main,318.77,1
1744,88,main_item_3_88,main,453.16,0
1745,88,main_item_4_88,main,116.51,1
1746,88,drinks_item_0_88,drinks,57.38,0
1747,88,drinks_item_1_88,drinks,73.89,0
1748,88,drinks_item_2_88,drinks,115.25,1
1749,88,drinks_item_3_88,drinks,198.84,0
1750,88,drinks_item_4_88,drinks,86.41,1
1751,88,dessert_item_0_88,dessert,82.27,1
1752,88,dessert_item_1_88,dessert,88.89,1
1753,88,dessert_item_2_88,dessert,112.8,1
1754,88,dessert_item_3_88,dessert,147.24,1
1755,88,dessert_item_4_88,dessert,143.81,1
1756,88,sides_item_0_88,sides,147.93,1
1757,88,sides_item_1_88,sides,184.83,0
1758,88,sides_item_2_88,sides,80.13,0
1759,88,sides_item_3_88,sides,105.51,1
1760,88,sides_item_4_88,sides,60.48,1
1761,89,main_item_0_89,main,377.92,1
1762,89,main_item_1_89,main,333.37,0
1763,89,main_item_2_89,main,485.81,0
1764,89,main_item_3_89,main,407.6,0
1765,89,main_item_4_89,main,157.37,1
1766,89,drinks_item_0_89,drinks,162.96,0
1767,89,drinks_item_1_89,drinks,145.81,1
1768,89,drinks_item_2_89,drinks,59.98,1
1769,89,drinks_item_3_89,drinks,164.49,1
1770,89,drinks_item_4_89,drinks,131.1,1
1771,89,dessert_item_0_89,dessert,115.71,0
1772,89,dessert_item_1_89,dessert,111.75,1
1773,89,dessert_item_2_89,dessert,74.63,0
1774,89,dessert_item_3_89,dessert,140.93,0
1775,89,dessert_item_4_89,dessert,183.78,0
1776,89,sides_item_0_89,sides,163.3,0
1777,89,sides_item_1_89,sides,57.67,1
1778,89,sides_item_2_89,sides,146.07,0
1779,89,sides_item_3_89,sides,90.13,0
1780,89,sides_item_4_89,sides,98.39,1
1781,90,main_item_0_90,main,310.72,0
1782,90,main_item_1_90,main,232.71,1
1783,90,main_item_2_90,main,113.45,1
1784,90,main_item_3_90,main,342.39,0
1785,90,main_item_4_90,main,171.81,0
1786,90,drinks_item_0_90,drinks,138.1,1
1787,90,drinks_item_1_90,drinks,130.0,1
1788,90,drinks_item_2_90,drinks,129.73,1
1789,90,drinks_item_3_90,drinks,66.94,0
1790,90,drinks_item_4_90,drinks,91.32,1
1791,90,dessert_item_0_90,dessert,99.62,1
1792,90,dessert_item_1_90,dessert,153.51,0
1793,90,dessert_item_2_90,dessert,145.96,0
1794,90,dessert_item_3_90,dessert,119.77,1
1795,90,dessert_item_4_90,dessert,155.5,0
1796,90,sides_item_0_90,sides,90.85,1
1797,90,sides_item_1_90,sides,78.3,1
1798,90,sides_item_2_90,sides,101.74,1
1799,90,sides_item_3_90,sides,186.24,0
1800,90,sides_item_4_90,sides,88.11,1
1801,91,main_item_0_91,main,191.75,1
1802,91,main_item_1_91,main,144.28,0
1803,91,main_item_2_91,main,131.26,0
1804,91,main_item_3_91,main,366.12,1
1805,91,main_item_4_91,main,201.92,1
1806,91,drinks_item_0_91,drinks,117.21,0
1807,91,drinks_item_1_91,drinks,141.51,1
1808,91,drinks_item_2_91,drinks,72.08,1
1809,91,drinks_item_3_91,drinks,155.02,0
1810,91,drinks_item_4_91,drinks,147.34,0
1811,91,dessert_item_0_91,dessert,152.17,1
1812,91,dessert_item_1_91,dessert,57.22,1
1813,91,dessert_item_2_91,dessert,133.34,1
1814,91,dessert_item_3_91,dessert,68.91,1
1815,91,dessert_item_4_91,dessert,112.05,1
1816,91,sides_item_0_91,sides,139.87,0
1817,91,sides_item_1_91,sides,80.29,1
1818,91,sides_item_2_91,sides,134.03,1
1819,91,sides_item_3_91,sides,106.02,1
1820,91,sides_item_4_91,sides,143.42,1
1821,92,main_item_0_92,main,394.79,0
1822,92,main_item_1_92,main,319.86,1
1823,92,main_item_2_92,main,237.01,1
1824,92,main_item_3_92,main,307.52,0
1825,92,main_item_4_92,main,217.26,1
1826,92,drinks_item_0_92,drinks,60.04,0
1827,92,drinks_item_1_92,drinks,148.06,0
1828,92,drinks_item_2_92,drinks,135.84,0
1829,92,drinks_item_3_92,drinks,176.5,0
1830,92,drinks_item_4_92,drinks,84.43,1
1831,92,dessert_item_0_92,dessert,70.35,1
1832,92,dessert_item_1_92,dessert,152.0,1
1833,92,dessert_item_2_92,dessert,109.83,1
1834,92,dessert_item_3_92,dessert,124.03,0
1835,92,dessert_item_4_92,dessert,83.6,1
1836,92,sides_item_0_92,sides,184.46,0
1837,92,sides_item_1_92,sides,179.63,1
1838,92,sides_item_2_92,sides,103.48,1
1839,92,sides_item_3_92,sides,78.04,1
1840,92,sides_item_4_92,sides,148.6,1
1841,93,main_item_0_93,main,445.81,0
1842,93,main_item_1_93,main,438.31,0
1843,93,main_item_2_93,main,401.28,1
1844,93,main_item_3_93,main,378.69,1
1845,93,main_item_4_93,main,445.78,0
1846,93,drinks_item_0_93,drinks,91.24,0
1847,93,drinks_item_1_93,drinks,166.15,1
1848,93,drinks_item_2_93,drinks,130.56,1
1849,93,drinks_item_3_93,drinks,175.0,0
1850,93,drinks_item_4_93,drinks,132.47,0
1851,93,dessert_item_0_93,dessert,180.28,1
1852,93,dessert_item_1_93,dessert,177.4,1
1853,93,dessert_item_2_93,dessert,120.03,1
1854,93,dessert_item_3_93,dessert,109.28,0
1855,93,dessert_item_4_93,dessert,192.33,1
1856,93,sides_item_0_93,sides,189.52,1
1857,93,sides_item_1_93,sides,174.29,1
1858,93,sides_item_2_93,sides,65.23,0
1859,93,sides_item_3_93,sides,140.54,0
1860,93,sides_item_4_93,sides,56.39,1
1861,94,main_item_0_94,main,455.28,1
1862,94,main_item_1_94,main,167.26,1
1863,94,main_item_2_94,main,378.52,1
1864,94,main_item_3_94,main,221.62,1
1865,94,main_item_4_94,main,383.91,1
1866,94,drinks_item_0_94,drinks,103.59,1
1867,94,drinks_item_1_94,drinks,190.63,1
1868,94,drinks_item_2_94,drinks,86.45,1
1869,94,drinks_item_3_94,drinks,101.36,1
1870,94,drinks_item_4_94,drinks,174.72,0
1871,94,dessert_item_0_94,dessert,192.09,1
1872,94,dessert_item_1_94,dessert,82.77,0
1873,94,dessert_item_2_94,dessert,65.69,1
1874,94,dessert_item_3_94,dessert,75.38,1
1875,94,dessert_item_4_94,dessert,160.59,1
1876,94,sides_item_0_94,sides,64.07,1
1877,94,sides_item_1_94,sides,105.83,1
1878,94,sides_item_2_94,sides,126.98,0
1879,94,sides_item_3_94,sides,145.41,1
1880,94,sides_item_4_94,sides,74.08,1
1881,95,main_item_0_95,main,397.28,0
1882,95,main_item_1_95,main,111.59,1
1883,95,main_item_2_95,main,390.05,1
1884,95,main_item_3_95,main,259.84,0
1885,95,main_item_4_95,main,320.95,1
1886,95,drinks_item_0_95,drinks,146.15,0
1887,95,drinks_item_1_95,drinks,101.98,1
1888,95,drinks_item_2_95,drinks,130.2,0
1889,95,drinks_item_3_95,drinks,72.95,1
1890,95,drinks_item_4_95,drinks,199.82,0
1891,95,dessert_item_0_95,dessert,108.01,0
1892,95,dessert_item_1_95,dessert,85.36,1
1893,95,dessert_item_2_95,dessert,92.66,1
1894,95,dessert_item_3_95,dessert,130.68,1
1895,95,dessert_item_4_95,dessert,158.68,0
1896,95,sides_item_0_95,sides,68.51,1
1897,95,sides_item_1_95,sides,172.93,1
1898,95,sides_item_2_95,sides,69.55,1
1899,95,sides_item_3_95,sides,84.61,0
1900,95,sides_item_4_95,sides,188.64,1
1901,96,main_item_0_96,main,377.39,0
1902,96,main_item_1_96,main,311.37,1
1903,96,main_item_2_96,main,403.74,1
1904,96,main_item_3_96,main,481.34,0
1905,96,main_item_4_96,main,127.89,0
1906,96,drinks_item_0_96,drinks,149.27,1
1907,96,drinks_item_1_96,drinks,160.77,0
1908,96,drinks_item_2_96,drinks,182.76,0
1909,96,drinks_item_3_96,drinks,81.49,1
1910,96,drinks_item_4_96,drinks,81.78,1
1911,96,dessert_item_0_96,dessert,111.05,0
1912,96,dessert_item_1_96,dessert,93.81,1
1913,96,dessert_item_2_96,dessert,101.92,0
1914,96,dessert_item_3_96,dessert,160.32,0
1915,96,dessert_item_4_96,dessert,144.14,1
1916,96,sides_item_0_96,sides,170.31,1
1917,96,sides_item_1_96,sides,73.8,0
1918,96,sides_item_2_96,sides,142.22,1
1919,96,sides_item_3_96,sides,90.85,1
1920,96,sides_item_4_96,sides,165.84,1
1921,97,main_item_0_97,main,361.53,0
1922,97,main_item_1_97,main,120.26,0
1923,97,main_item_2_97,main,110.67,1
1924,97,main_item_3_97,main,108.06,0
1925,97,main_item_4_97,main,166.13,1
1926,97,drinks_item_0_97,drinks,131.23,1
1927,97,drinks_item_1_97,drinks,184.03,1
1928,97,drinks_item_2_97,drinks,56.58,1
1929,97,drinks_item_3_97,drinks,171.79,0
1930,97,drinks_item_4_97,drinks,86.43,1
1931,97,dessert_item_0_97,dessert,106.42,1
1932,97,dessert_item_1_97,dessert,173.48,0
1933,97,dessert_item_2_97,dessert,151.59,0
1934,97,dessert_item_3_97,dessert,59.4,1
1935,97,dessert_item_4_97,dessert,68.21,1
1936,97,sides_item_0_97,sides,80.41,0
1937,97,sides_item_1_97,sides,64.89,1
1938,97,sides_item_2_97,sides,105.65,0
1939,97,sides_item_3_97,sides,123.68,1
1940,97,sides_item_4_97,sides,55.57,1
1941,98,main_item_0_98,main,483.39,1
1942,98,main_item_1_98,main,265.05,1
1943,98,main_item_2_98,main,271.72,1
1944,98,main_item_3_98,main,111.33,1
1945,98,main_item_4_98,main,480.97,0
1946,98,drinks_item_0_98,drinks,89.92,1
1947,98,drinks_item_1_98,drinks,188.93,0
1948,98,drinks_item_2_98,drinks,188.25,1
1949,98,drinks_item_3_98,drinks,198.96,1
1950,98,drinks_item_4_98,drinks,150.17,1
1951,98,dessert_item_0_98,dessert,76.27,1
1952,98,dessert_item_1_98,dessert,74.84,0
1953,98,dessert_item_2_98,dessert,154.68,0
1954,98,dessert_item_3_98,dessert,163.81,1
1955,98,dessert_item_4_98,dessert,85.5,0
1956,98,sides_item_0_98,sides,125.12,1
1957,98,sides_item_1_98,sides,177.09,0
1958,98,sides_item_2_98,sides,194.72,0
1959,98,sides_item_3_98,sides,102.41,0
1960,98,sides_item_4_98,sides,106.67,1
1961,99,main_item_0_99,main,302.43,1
1962,99,main_item_1_99,main,356.52,0
1963,99,main_item_2_99,main,322.98,0
1964,99,main_item_3_99,main,332.32,0
1965,99,main_item_4_99,main,139.36,0
1966,99,drinks_item_0_99,drinks,184.71,1
1967,99,drinks_item_1_99,drinks,185.49,1
1968,99,drinks_item_2_99,drinks,196.84,0
1969,99,drinks_item_3_99,drinks,163.52,0
1970,99,drinks_item_4_99,drinks,65.9,1
1971,99,dessert_item_0_99,dessert,164.39,1
1972,99,dessert_item_1_99,dessert,94.95,1
1973,99,dessert_item_2_99,dessert,82.99,0
1974,99,dessert_item_3_99,dessert,179.97,1
1975,99,dessert_item_4_99,dessert,197.55,0
1976,99,sides_item_0_99,sides,193.53,1
1977,99,sides_item_1_99,sides,126.83,0
1978,99,sides_item_2_99,sides,173.79,1
1979,99,sides_item_3_99,sides,112.54,1
1980,99,sides_item_4_99,sides,117.09,1
1981,100,main_item_0_100,main,497.68,0
1982,100,main_item_1_100,main,353.62,0
1983,100,main_item_2_100,main,319.35,1
1984,100,main_item_3_100,main,239.03,0
1985,100,main_item_4_100,main,419.57,1
1986,100,drinks_item_0_100,drinks,117.41,0
1987,100,drinks_item_1_100,drinks,63.93,0
1988,100,drinks_item_2_100,drinks,157.84,1
1989,100,drinks_item_3_100,drinks,135.53,0
1990,100,drinks_item_4_100,drinks,68.49,0
1991,100,dessert_item_0_100,dessert,150.99,0
1992,100,dessert_item_1_100,dessert,195.04,0
1993,100,dessert_item_2_100,dessert,104.54,1
1994,100,dessert_item_3_100,dessert,97.87,1
1995,100,dessert_item_4_100,dessert,181.43,0
1996,100,sides_item_0_100,sides,148.2,1
1997,100,sides_item_1_100,sides,194.21,0
1998,100,sides_item_2_100,sides,79.29,1
1999,100,sides_item_3_100,sides,117.13,1
2000,100,sides_item_4_100,sides,185.6,0
2001,101,main_item_0_101,main,438.63,1
2002,101,main_item_1_101,main,469.65,1
2003,101,main_item_2_101,main,396.83,0
2004,101,main_item_3_101,main,468.08,0
2005,101,main_item_4_101,main,116.45,1
2006,101,drinks_item_0_101,drinks,159.93,1
2007,101,drinks_item_1_101,drinks,163.7,1
2008,101,drinks_item_2_101,drinks,94.91,0
2009,101,drinks_item_3_101,drinks,113.17,0
2010,101,drinks_item_4_101,drinks,113.38,0
2011,101,dessert_item_0_101,dessert,181.55,1
2012,101,dessert_item_1_101,dessert,146.91,0
2013,101,dessert_item_2_101,dessert,83.87,1
2014,101,dessert_item_3_101,dessert,150.73,0
2015,101,dessert_item_4_101,dessert,85.8,1
2016,101,sides_item_0_101,sides,95.63,0
2017,101,sides_item_1_101,sides,59.57,1
2018,101,sides_item_2_101,sides,163.57,0
2019,101,sides_item_3_101,sides,72.98,1
2020,101,sides_item_4_101,sides,99.78,0
2021,102,main_item_0_102,main,204.39,0
2022,102,main_item_1_102,main,416.46,1
2023,102,main_item_2_102,main,433.85,1
2024,102,main_item_3_102,main,493.99,1
2025,102,main_item_4_102,main,208.71,0
2026,102,drinks_item_0_102,drinks,162.91,1
2027,102,drinks_item_1_102,drinks,186.6,1
2028,102,drinks_item_2_102,drinks,121.27,0
2029,102,drinks_item_3_102,drinks,112.88,1
2030,102,drinks_item_4_102,drinks,197.0,0
2031,102,dessert_item_0_102,dessert,137.04,1
2032,102,dessert_item_1_102,dessert,106.42,1
2033,102,dessert_item_2_102,dessert,136.36,0
2034,102,dessert_item_3_102,dessert,116.62,0
2035,102,dessert_item_4_102,dessert,114.51,0
2036,102,sides_item_0_102,sides,66.79,1
2037,102,sides_item_1_102,sides,152.61,1
2038,102,sides_item_2_102,sides,164.46,1
2039,102,sides_item_3_102,sides,179.09,1
2040,102,sides_item_4_102,sides,82.63,0
2041,103,main_item_0_103,main,335.1,1
2042,103,main_item_1_103,main,380.69,1
2043,103,main_item_2_103,main,340.75,1
2044,103,main_item_3_103,main,488.65,1
2045,103,main_item_4_103,main,412.51,1
2046,103,drinks_item_0_103,drinks,99.77,0
2047,103,drinks_item_1_103,drinks,56.51,0
2048,103,drinks_item_2_103,drinks,197.07,0
2049,103,drinks_item_3_103,drinks,71.32,1
2050,103,drinks_item_4_103,drinks,122.21,1
2051,103,dessert_item_0_103,dessert,61.03,1
2052,103,dessert_item_1_103,dessert,82.46,1
2053,103,dessert_item_2_103,dessert,131.2,1
2054,103,dessert_item_3_103,dessert,97.36,1
2055,103,dessert_item_4_103,dessert,156.62,0
2056,103,sides_item_0_103,sides,55.13,1
2057,103,sides_item_1_103,sides,118.63,1
2058,103,sides_item_2_103,sides,159.48,0
2059,103,sides_item_3_103,sides,72.63,1
2060,103,sides_item_4_103,sides,137.67,0
2061,104,main_item_0_104,main,372.66,0
2062,104,main_item_1_104,main,447.21,0
2063,104,main_item_2_104,main,194.48,0
2064,104,main_item_3_104,main,141.51,1
2065,104,main_item_4_104,main,374.8,1
2066,104,drinks_item_0_104,drinks,154.26,0
2067,104,drinks_item_1_104,drinks,133.59,1
2068,104,drinks_item_2_104,drinks,108.14,0
2069,104,drinks_item_3_104,drinks,127.9,0
2070,104,drinks_item_4_104,drinks,89.27,1
2071,104,dessert_item_0_104,dessert,183.63,1
2072,104,dessert_item_1_104,dessert,166.97,0
2073,104,dessert_item_2_104,dessert,132.15,1
2074,104,dessert_item_3_104,dessert,123.6,0
2075,104,dessert_item_4_104,dessert,160.12,1
2076,104,sides_item_0_104,sides,145.28,0
2077,104,sides_item_1_104,sides,61.18,0
2078,104,sides_item_2_104,sides,55.55,1
2079,104,sides_item_3_104,sides,155.46,1
2080,104,sides_item_4_104,sides,183.44,0
2081,105,main_item_0_105,main,385.78,0
2082,105,main_item_1_105,main,124.37,0
2083,105,main_item_2_105,main,480.38,1
2084,105,main_item_3_105,main,119.6,1
2085,105,main_item_4_105,main,179.89,0
2086,105,drinks_item_0_105,drinks,163.76,0
2087,105,drinks_item_1_105,drinks,191.37,1
2088,105,drinks_item_2_105,drinks,63.05,0
2089,105,drinks_item_3_105,drinks,141.63,0
2090,105,drinks_item_4_105,drinks,129.82,1
2091,105,dessert_item_0_105,dessert,168.89,1
2092,105,dessert_item_1_105,dessert,182.91,0
2093,105,dessert_item_2_105,dessert,76.59,1
2094,105,dessert_item_3_105,dessert,98.13,1
2095,105,dessert_item_4_105,dessert,161.59,0
2096,105,sides_item_0_105,sides,69.52,1
2097,105,sides_item_1_105,sides,172.57,0
2098,105,sides_item_2_105,sides,134.38,1
2099,105,sides_item_3_105,sides,88.94,0
2100,105,sides_item_4_105,sides,78.21,1
2101,106,main_item_0_106,main,314.48,1
2102,106,main_item_1_106,main,197.29,1
2103,106,main_item_2_106,main,306.04,0
2104,106,main_item_3_106,main,159.27,1
2105,106,main_item_4_106,main,432.57,1
2106,106,drinks_item_0_106,drinks,148.34,0
2107,106,drinks_item_1_106,drinks,66.25,0
2108,106,drinks_item_2_106,drinks,65.27,1
2109,106,drinks_item_3_106,drinks,184.29,0
2110,106,drinks_item_4_106,drinks,169.23,0
2111,106,dessert_item_0_106,dessert,87.39,0
2112,106,dessert_item_1_106,dessert,57.76,0
2113,106,dessert_item_2_106,dessert,106.03,1
2114,106,dessert_item_3_106,dessert,96.42,1
2115,106,dessert_item_4_106,dessert,106.7,1
2116,106,sides_item_0_106,sides,171.1,1
2117,106,sides_item_1_106,sides,133.61,1
2118,106,sides_item_2_106,sides,75.0,1
2119,106,sides_item_3_106,sides,85.4,0
2120,106,sides_item_4_106,sides,56.28,1
2121,107,main_item_0_107,main,214.72,1
2122,107,main_item_1_107,main,199.93,1
2123,107,main_item_2_107,main,226.58,1
2124,107,main_item_3_107,main,363.94,1
2125,107,main_item_4_107,main,266.73,1
2126,107,drinks_item_0_107,drinks,111.09,1
2127,107,drinks_item_1_107,drinks,138.47,0
2128,107,drinks_item_2_107,drinks,100.96,0
2129,107,drinks_item_3_107,drinks,177.82,1
2130,107,drinks_item_4_107,drinks,77.53,0
2131,107,dessert_item_0_107,dessert,113.16,0
2132,107,dessert_item_1_107,dessert,169.74,1
2133,107,dessert_item_2_107,dessert,165.07,1
2134,107,dessert_item_3_107,dessert,139.27,1
2135,107,dessert_item_4_107,dessert,158.29,1
2136,107,sides_item_0_107,sides,180.47,1
2137,107,sides_item_1_107,sides,68.07,1
2138,107,sides_item_2_107,sides,152.46,0
2139,107,sides_item_3_107,sides,165.8,0
2140,107,sides_item_4_107,sides,170.9,1
2141,108,main_item_0_108,main,202.1,1
2142,108,main_item_1_108,main,409.42,1
2143,108,main_item_2_108,main,253.97,0
2144,108,main_item_3_108,main,293.56,0
2145,108,main_item_4_108,main,300.06,1
2146,108,drinks_item_0_108,drinks,199.65,0
2147,108,drinks_item_1_108,drinks,81.18,1
2148,108,drinks_item_2_108,drinks,120.36,1
2149,108,drinks_item_3_108,drinks,165.35,1
2150,108,drinks_item_4_108,drinks,65.29,0
2151,108,dessert_item_0_108,dessert,97.51,0
2152,108,dessert_item_1_108,dessert,156.85,1
2153,108,dessert_item_2_108,dessert,128.47,1
2154,108,dessert_item_3_108,dessert,121.78,1
2155,108,dessert_item_4_108,dessert,176.35,1
2156,108,sides_item_0_108,sides,62.47,1
2157,108,sides_item_1_108,sides,136.9,1
2158,108,sides_item_2_108,sides,88.71,0
2159,108,sides_item_3_108,sides,105.46,0
2160,108,sides_item_4_108,sides,149.9,1
2161,109,main_item_0_109,main,352.96,0
2162,109,main_item_1_109,main,198.61,1
2163,109,main_item_2_109,main,376.04,1
2164,109,main_item_3_109,main,261.4,1
2165,109,main_item_4_109,main,395.51,1
2166,109,drinks_item_0_109,drinks,198.44,1
2167,109,drinks_item_1_109,drinks,183.58,1
2168,109,drinks_item_2_109,drinks,51.05,1
2169,109,drinks_item_3_109,drinks,85.79,0
2170,109,drinks_item_4_109,drinks,154.58,1
2171,109,dessert_item_0_109,dessert,148.91,0
2172,109,dessert_item_1_109,dessert,126.65,1
2173,109,dessert_item_2_109,dessert,159.44,1
2174,109,dessert_item_3_109,dessert,139.02,1
2175,109,dessert_item_4_109,dessert,109.07,0
2176,109,sides_item_0_109,sides,98.87,1
2177,109,sides_item_1_109,sides,90.94,1
2178,109,sides_item_2_109,sides,95.73,0
2179,109,sides_item_3_109,sides,78.21,1
2180,109,sides_item_4_109,sides,144.44,0
2181,110,main_item_0_110,main,246.77,1
2182,110,main_item_1_110,main,369.25,1
2183,110,main_item_2_110,main,473.08,1
2184,110,main_item_3_110,main,464.32,0
2185,110,main_item_4_110,main,456.22,1
2186,110,drinks_item_0_110,drinks,75.83,0
2187,110,drinks_item_1_110,drinks,131.42,0
2188,110,drinks_item_2_110,drinks,167.81,1
2189,110,drinks_item_3_110,drinks,95.14,0
2190,110,drinks_item_4_110,drinks,198.33,0
2191,110,dessert_item_0_110,dessert,60.13,0
2192,110,dessert_item_1_110,dessert,195.35,1
2193,110,dessert_item_2_110,dessert,122.05,0
2194,110,dessert_item_3_110,dessert,113.5,0
2195,110,dessert_item_4_110,dessert,157.76,0
2196,110,sides_item_0_110,sides,127.86,1
2197,110,sides_item_1_110,sides,50.25,1
2198,110,sides_item_2_110,sides,95.32,0
2199,110,sides_item_3_110,sides,178.16,0
2200,110,sides_item_4_110,sides,53.74,1
2201,111,main_item_0_111,main,151.97,1
2202,111,main_item_1_111,main,104.16,0
2203,111,main_item_2_111,main,433.31,0
2204,111,main_item_3_111,main,464.64,0
2205,111,main_item_4_111,main,127.91,0
2206,111,drinks_item_0_111,drinks,92.39,1
2207,111,drinks_item_1_111,drinks,50.15,1
2208,111,drinks_item_2_111,drinks,100.05,0
2209,111,drinks_item_3_111,drinks,89.21,1
2210,111,drinks_item_4_111,drinks,84.52,0
2211,111,dessert_item_0_111,dessert,183.6,0
2212,111,dessert_item_1_111,dessert,61.54,0
2213,111,dessert_item_2_111,dessert,96.49,1
2214,111,dessert_item_3_111,dessert,53.34,1
2215,111,dessert_item_4_111,dessert,111.15,1
2216,111,sides_item_0_111,sides,77.01,1
2217,111,sides_item_1_111,sides,80.33,1
2218,111,sides_item_2_111,sides,133.26,0
2219,111,sides_item_3_111,sides,118.47,1
2220,111,sides_item_4_111,sides,97.87,0
2221,112,main_item_0_112,main,189.72,0
2222,112,main_item_1_112,main,100.73,1
2223,112,main_item_2_112,main,216.59,0
2224,112,main_item_3_112,main,373.89,1
2225,112,main_item_4_112,main,465.98,1
2226,112,drinks_item_0_112,drinks,159.01,0
2227,112,drinks_item_1_112,drinks,149.91,1
2228,112,drinks_item_2_112,drinks,164.5,0
2229,112,drinks_item_3_112,drinks,146.04,1
2230,112,drinks_item_4_112,drinks,107.8,1
2231,112,dessert_item_0_112,dessert,63.0,1
2232,112,dessert_item_1_112,dessert,140.9,0
2233,112,dessert_item_2_112,dessert,172.73,1
2234,112,dessert_item_3_112,dessert,81.57,0
2235,112,dessert_item_4_112,dessert,140.54,1
2236,112,sides_item_0_112,sides,114.14,1
2237,112,sides_item_1_112,sides,195.45,1
2238,112,sides_item_2_112,sides,50.92,1
2239,112,sides_item_3_112,sides,148.09,1
2240,112,sides_item_4_112,sides,79.91,1
2241,113,main_item_0_113,main,278.85,1
2242,113,main_item_1_113,main,125.58,1
2243,113,main_item_2_113,main,304.46,1
2244,113,main_item_3_113,main,236.09,1
2245,113,main_item_4_113,main,482.69,1
2246,113,drinks_item_0_113,drinks,191.62,0
2247,113,drinks_item_1_113,drinks,110.45,0
2248,113,drinks_item_2_113,drinks,96.42,0
2249,113,drinks_item_3_113,drinks,143.02,1
2250,113,drinks_item_4_113,drinks,127.0,1
2251,113,dessert_item_0_113,dessert,51.92,1
2252,113,dessert_item_1_113,dessert,76.75,1
2253,113,dessert_item_2_113,dessert,116.39,1
2254,113,dessert_item_3_113,dessert,194.9,0
2255,113,dessert_item_4_113,dessert,60.11,1
2256,113,sides_item_0_113,sides,125.43,1
2257,113,sides_item_1_113,sides,56.94,1
2258,113,sides_item_2_113,sides,84.85,0
2259,113,sides_item_3_113,sides,84.25,1
2260,113,sides_item_4_113,sides,75.31,1
2261,114,main_item_0_114,main,198.3,1
2262,114,main_item_1_114,main,498.42,0
2263,114,main_item_2_114,main,452.54,1
2264,114,main_item_3_114,main,379.29,0
2265,114,main_item_4_114,main,428.32,1
2266,114,drinks_item_0_114,drinks,197.14,1
2267,114,drinks_item_1_114,drinks,116.84,1
2268,114,drinks_item_2_114,drinks,122.77,0
2269,114,drinks_item_3_114,drinks,143.96,1
2270,114,drinks_item_4_114,drinks,145.39,1
2271,114,dessert_item_0_114,dessert,76.46,0
2272,114,dessert_item_1_114,dessert,96.89,0
2273,114,dessert_item_2_114,dessert,116.48,1
2274,114,dessert_item_3_114,dessert,130.7,0
2275,114,dessert_item_4_114,dessert,103.11,1
2276,114,sides_item_0_114,sides,102.91,1
2277,114,sides_item_1_114,sides,91.12,0
2278,114,sides_item_2_114,sides,155.86,1
2279,114,sides_item_3_114,sides,64.02,1
2280,114,sides_item_4_114,sides,57.4,0
2281,115,main_item_0_115,main,380.55,1
2282,115,main_item_1_115,main,107.57,1
2283,115,main_item_2_115,main,113.3,1
2284,115,main_item_3_115,main,378.46,0
2285,115,main_item_4_115,main,163.24,1
2286,115,drinks_item_0_115,drinks,145.03,1
2287,115,drinks_item_1_115,drinks,185.5,0
2288,115,drinks_item_2_115,drinks,176.61,1
2289,115,drinks_item_3_115,drinks,120.59,1
2290,115,drinks_item_4_115,drinks,65.48,0
2291,115,dessert_item_0_115,dessert,172.51,1
2292,115,dessert_item_1_115,dessert,186.21,0
2293,115,dessert_item_2_115,dessert,97.01,0
2294,115,dessert_item_3_115,dessert,113.41,1
2295,115,dessert_item_4_115,dessert,96.6,1
2296,115,sides_item_0_115,sides,130.41,1
2297,115,sides_item_1_115,sides,127.68,1
2298,115,sides_item_2_115,sides,163.0,0
2299,115,sides_item_3_115,sides,194.52,1
2300,115,sides_item_4_115,sides,108.32,1
2301,116,main_item_0_116,main,404.93,1
2302,116,main_item_1_116,main,175.33,1
2303,116,main_item_2_116,main,113.34,0
2304,116,main_item_3_116,main,410.43,1
2305,116,main_item_4_116,main,336.97,1
2306,116,drinks_item_0_116,drinks,162.43,1
2307,116,drinks_item_1_116,drinks,113.17,0
2308,116,drinks_item_2_116,drinks,175.85,0
2309,116,drinks_item_3_116,drinks,70.07,1
2310,116,drinks_item_4_116,drinks,136.71,1
2311,116,dessert_item_0_116,dessert,178.97,0
2312,116,dessert_item_1_116,dessert,51.99,0
2313,116,dessert_item_2_116,dessert,51.46,1
2314,116,dessert_item_3_116,dessert,106.74,1
2315,116,dessert_item_4_116,dessert,169.64,1
2316,116,sides_item_0_116,sides,82.47,1
2317,116,sides_item_1_116,sides,146.2,0
2318,116,sides_item_2_116,sides,165.96,0
2319,116,sides_item_3_116,sides,189.83,1
2320,116,sides_item_4_116,sides,177.07,1
2321,117,main_item_0_117,main,321.84,1
2322,117,main_item_1_117,main,424.6,1
2323,117,main_item_2_117,main,418.9,0
2324,117,main_item_3_117,main,211.01,0
2325,117,main_item_4_117,main,419.32,0
2326,117,drinks_item_0_117,drinks,169.38,0
2327,117,drinks_item_1_117,drinks,61.93,1
2328,117,drinks_item_2_117,drinks,95.08,1
2329,117,drinks_item_3_117,drinks,120.88,0
2330,117,drinks_item_4_117,drinks,179.34,1
2331,117,dessert_item_0_117,dessert,120.6,1
2332,117,dessert_item_1_117,dessert,63.36,0
2333,117,dessert_item_2_117,dessert,110.43,1
2334,117,dessert_item_3_117,dessert,65.92,0
2335,117,dessert_item_4_117,dessert,112.46,0
2336,117,sides_item_0_117,sides,88.25,0
2337,117,sides_item_1_117,sides,123.41,0
2338,117,sides_item_2_117,sides,151.36,1
2339,117,sides_item_3_117,sides,156.01,1
2340,117,sides_item_4_117,sides,146.5,1
2341,118,main_item_0_118,main,187.61,0
2342,118,main_item_1_118,main,227.08,0
2343,118,main_item_2_118,main,465.24,1
2344,118,main_item_3_118,main,143.11,1
2345,118,main_item_4_118,main,287.06,1
2346,118,drinks_item_0_118,drinks,140.45,0
2347,118,drinks_item_1_118,drinks,149.01,1
2348,118,drinks_item_2_118,drinks,129.68,1
2349,118,drinks_item_3_118,drinks,193.24,1
2350,118,drinks_item_4_118,drinks,137.76,0
2351,118,dessert_item_0_118,dessert,114.82,1
2352,118,dessert_item_1_118,dessert,67.59,1
2353,118,dessert_item_2_118,dessert,78.76,0
2354,118,dessert_item_3_118,dessert,54.0,0
2355,118,dessert_item_4_118,dessert,118.21,1
2356,118,sides_item_0_118,sides,123.59,1
2357,118,sides_item_1_118,sides,168.14,0
2358,118,sides_item_2_118,sides,64.26,0
2359,118,sides_item_3_118,sides,168.7,1
2360,118,sides_item_4_118,sides,63.73,1
2361,119,main_item_0_119,main,472.62,0
2362,119,main_item_1_119,main,346.57,0
2363,119,main_item_2_119,main,300.41,1
2364,119,main_item_3_119,main,408.42,1
2365,119,main_item_4_119,main,337.23,0
2366,119,drinks_item_0_119,drinks,68.89,1
2367,119,drinks_item_1_119,drinks,50.07,0
2368,119,drinks_item_2_119,drinks,82.71,0
2369,119,drinks_item_3_119,drinks,96.69,1
2370,119,drinks_item_4_119,drinks,89.03,1
2371,119,dessert_item_0_119,dessert,118.37,1
2372,119,dessert_item_1_119,dessert,114.21,1
2373,119,dessert_item_2_119,dessert,50.02,1
2374,119,dessert_item_3_119,dessert,51.47,1
2375,119,dessert_item_4_119,dessert,85.24,0
2376,119,sides_item_0_119,sides,107.07,1
2377,119,sides_item_1_119,sides,65.31,1
2378,119,sides_item_2_119,sides,197.19,0
2379,119,sides_item_3_119,sides,194.88,0
2380,119,sides_item_4_119,sides,176.17,1
2381,120,main_item_0_120,main,497.21,1
2382,120,main_item_1_120,main,446.78,0
2383,120,main_item_2_120,main,270.15,0
2384,120,main_item_3_120,main,258.07,1
2385,120,main_item_4_120,main,134.99,1
2386,120,drinks_item_0_120,drinks,145.26,1
2387,120,drinks_item_1_120,drinks,174.45,1
2388,120,drinks_item_2_120,drinks,55.88,1
2389,120,drinks_item_3_120,drinks,99.22,0
2390,120,drinks_item_4_120,drinks,101.45,1
2391,120,dessert_item_0_120,dessert,84.59,1
2392,120,dessert_item_1_120,dessert,110.67,0
2393,120,dessert_item_2_120,dessert,144.21,1
2394,120,dessert_item_3_120,dessert,194.96,0
2395,120,dessert_item_4_120,dessert,112.84,1
2396,120,sides_item_0_120,sides,187.96,1
2397,120,sides_item_1_120,sides,116.41,0
2398,120,sides_item_2_120,sides,50.18,0
2399,120,sides_item_3_120,sides,155.58,1
2400,120,sides_item_4_120,sides,98.38,1
